LTspice 24.1.7 for Windows
Circuit: Z:\home\wepi\circuits\synchronus_buck.net
Start Time: Sun Dec 21 23:01:49 2025
solver = Normal
Maximum thread count: 16
tnom = 27
temp = 27
method = trap
Direct Newton iteration for .op point succeeded.
Warning: Simulation tolerance relaxed to achieve convergence from 7.8023536969192914e-06 to 7.8023536969202909e-06 seconds.
Warning: Simulation tolerance relaxed to achieve convergence from 7.8023536969232911e-06 to 7.8023536969242906e-06 seconds.
Warning: Simulation tolerance relaxed to achieve convergence from 7.8023537017972864e-06 to 7.8023537017982859e-06 seconds.
Warning: Simulation tolerance relaxed to achieve convergence from 7.8023537018002866e-06 to 7.8023537018012861e-06 seconds.
Warning: Simulation tolerance relaxed to achieve convergence from 7.8023537018042863e-06 to 7.8023537018052858e-06 seconds.
Warning: Simulation tolerance relaxed to achieve convergence from 7.8023537018142863e-06 to 7.8023537018152858e-06 seconds.
Warning: Simulation tolerance relaxed to achieve convergence from 7.8023537018202850e-06 to 7.8023537018212845e-06 seconds.
Warning: Simulation tolerance relaxed to achieve convergence from 3.4080798189631265e-05 to 3.4080798189632268e-05 seconds.
Warning: Simulation tolerance relaxed to achieve convergence from 5.0742040353991622e-05 to 5.0742040353992625e-05 seconds.
Warning: Simulation tolerance relaxed to achieve convergence from 5.0742040354009627e-05 to 5.0742040354010630e-05 seconds.
Warning: Simulation tolerance relaxed to achieve convergence from 5.0742040354010630e-05 to 5.0742040354011632e-05 seconds.
Warning: Simulation tolerance relaxed to achieve convergence from 5.0742040354020638e-05 to 5.0742040354021641e-05 seconds.
Warning: Simulation tolerance relaxed to achieve convergence from 5.0742040354021641e-05 to 5.0742040354022644e-05 seconds.
Warning: Simulation tolerance relaxed to achieve convergence from 5.0742040354029644e-05 to 5.0742040354030647e-05 seconds.
Warning: Simulation tolerance relaxed to achieve convergence from 5.0742040354030647e-05 to 5.0742040354031650e-05 seconds.
Warning: Simulation tolerance relaxed to achieve convergence from 5.0742040382238646e-05 to 5.0742040382239649e-05 seconds.
Warning: Simulation tolerance relaxed to achieve convergence from 5.0742040382243654e-05 to 5.0742040382244657e-05 seconds.
Warning: Simulation tolerance relaxed to achieve convergence from 5.0742040382244657e-05 to 5.0742040382245660e-05 seconds.
Warning: Simulation tolerance relaxed to achieve convergence from 5.0742040382251657e-05 to 5.0742040382252660e-05 seconds.
Warning: Simulation tolerance relaxed to achieve convergence from 5.0742040382256671e-05 to 5.0742040382257674e-05 seconds.
Warning: Simulation tolerance relaxed to achieve convergence from 5.0742040382257674e-05 to 5.0742040382258677e-05 seconds.
Warning: Simulation tolerance relaxed to achieve convergence from 5.0742040382259680e-05 to 5.0742040382260683e-05 seconds.
Warning: Simulation tolerance relaxed to achieve convergence from 5.0742040382260683e-05 to 5.0742040382261686e-05 seconds.
Warning: Simulation tolerance relaxed to achieve convergence from 5.0742040382265690e-05 to 5.0742040382266693e-05 seconds.
Warning: Simulation tolerance relaxed to achieve convergence from 5.0742040382266693e-05 to 5.0742040382267696e-05 seconds.
Warning: Simulation tolerance relaxed to achieve convergence from 5.0742040382301693e-05 to 5.0742040382302696e-05 seconds.
Warning: Simulation tolerance relaxed to achieve convergence from 5.0742040382308699e-05 to 5.0742040382309702e-05 seconds.
Warning: Simulation tolerance relaxed to achieve convergence from 5.7782905716178756e-05 to 5.7782905716179759e-05 seconds.
Warning: Simulation tolerance relaxed to achieve convergence from 5.7782905716502757e-05 to 5.7782905716503760e-05 seconds.
Warning: Simulation tolerance relaxed to achieve convergence from 5.7782905716510759e-05 to 5.7782905716511762e-05 seconds.
Warning: Simulation tolerance relaxed to achieve convergence from 5.7782905716562767e-05 to 5.7782905716563770e-05 seconds.
Warning: Simulation tolerance relaxed to achieve convergence from 5.7782905716940774e-05 to 5.7782905716941777e-05 seconds.
Warning: Simulation tolerance relaxed to achieve convergence from 5.7782905716956780e-05 to 5.7782905716957783e-05 seconds.
Warning: Simulation tolerance relaxed to achieve convergence from 5.7782905717839775e-05 to 5.7782905717840777e-05 seconds.
Warning: Simulation tolerance relaxed to achieve convergence from 5.7782905717852778e-05 to 5.7782905717853781e-05 seconds.
Warning: Simulation tolerance relaxed to achieve convergence from 9.1101872104898681e-05 to 9.1101872104899683e-05 seconds.
Warning: Simulation tolerance relaxed to achieve convergence from 9.1101872105139699e-05 to 9.1101872105140702e-05 seconds.
Warning: Simulation tolerance relaxed to achieve convergence from 9.1101872105144713e-05 to 9.1101872105145716e-05 seconds.
Warning: Simulation tolerance relaxed to achieve convergence from 9.1101872105180722e-05 to 9.1101872105181725e-05 seconds.
Warning: Simulation tolerance relaxed to achieve convergence from 9.1101872105735739e-05 to 9.1101872105736742e-05 seconds.
Warning: Simulation tolerance relaxed to achieve convergence from 9.1101872106020762e-05 to 9.1101872106021765e-05 seconds.
Warning: Simulation tolerance relaxed to achieve convergence from 9.1101872106024774e-05 to 9.1101872106025776e-05 seconds.
Warning: Simulation tolerance relaxed to achieve convergence from 9.1101872106034789e-05 to 9.1101872106035792e-05 seconds.
Warning: Simulation tolerance relaxed to achieve convergence from 9.1101872106039803e-05 to 9.1101872106040806e-05 seconds.
Warning: Simulation tolerance relaxed to achieve convergence from 9.1101872106049819e-05 to 9.1101872106050822e-05 seconds.
Warning: Simulation tolerance relaxed to achieve convergence from 1.0776029643462524e-04 to 1.0776029643462625e-04 seconds.
Warning: Simulation tolerance relaxed to achieve convergence from 1.0776029643462725e-04 to 1.0776029643462825e-04 seconds.
Warning: Simulation tolerance relaxed to achieve convergence from 1.3404172820428867e-04 to 1.3404172820428967e-04 seconds.
Warning: Simulation tolerance relaxed to achieve convergence from 1.3404172820429569e-04 to 1.3404172820429669e-04 seconds.
Warning: Simulation tolerance relaxed to achieve convergence from 1.3404172820429870e-04 to 1.3404172820429970e-04 seconds.
Warning: Simulation tolerance relaxed to achieve convergence from 1.3404172820431873e-04 to 1.3404172820431973e-04 seconds.
Warning: Simulation tolerance relaxed to achieve convergence from 1.3404172820432876e-04 to 1.3404172820432976e-04 seconds.
Warning: Simulation tolerance relaxed to achieve convergence from 1.3404172820457579e-04 to 1.3404172820457680e-04 seconds.
Warning: Simulation tolerance relaxed to achieve convergence from 1.3404172820458683e-04 to 1.3404172820458783e-04 seconds.
Warning: Simulation tolerance relaxed to achieve convergence from 1.3404172820461689e-04 to 1.3404172820461789e-04 seconds.
Warning: Simulation tolerance relaxed to achieve convergence from 1.3404172820461789e-04 to 1.3404172820461889e-04 seconds.
Warning: Simulation tolerance relaxed to achieve convergence from 1.3404172820462792e-04 to 1.3404172820462892e-04 seconds.
Warning: Simulation tolerance relaxed to achieve convergence from 1.3404172820463494e-04 to 1.3404172820463594e-04 seconds.
Warning: Simulation tolerance relaxed to achieve convergence from 1.3404172820469796e-04 to 1.3404172820469896e-04 seconds.
Warning: Simulation tolerance relaxed to achieve convergence from 1.3404172820470097e-04 to 1.3404172820470197e-04 seconds.
Warning: Simulation tolerance relaxed to achieve convergence from 1.3404172820473300e-04 to 1.3404172820473401e-04 seconds.
Warning: Simulation tolerance relaxed to achieve convergence from 1.3404172820475504e-04 to 1.3404172820475604e-04 seconds.
Warning: Simulation tolerance relaxed to achieve convergence from 1.3404172820476306e-04 to 1.3404172820476407e-04 seconds.
Warning: Simulation tolerance relaxed to achieve convergence from 1.3404172820544308e-04 to 1.3404172820544408e-04 seconds.
Warning: Simulation tolerance relaxed to achieve convergence from 1.3404172820544508e-04 to 1.3404172820544608e-04 seconds.
Warning: Simulation tolerance relaxed to achieve convergence from 1.3404172820544608e-04 to 1.3404172820544709e-04 seconds.
Warning: Simulation tolerance relaxed to achieve convergence from 1.3404172820546414e-04 to 1.3404172820546514e-04 seconds.
Warning: Simulation tolerance relaxed to achieve convergence from 1.3404172820546514e-04 to 1.3404172820546614e-04 seconds.
Warning: Simulation tolerance relaxed to achieve convergence from 1.3404172820546815e-04 to 1.3404172820546915e-04 seconds.
Warning: Simulation tolerance relaxed to achieve convergence from 1.3404172820576121e-04 to 1.3404172820576221e-04 seconds.
Warning: Simulation tolerance relaxed to achieve convergence from 1.3404172820579723e-04 to 1.3404172820579823e-04 seconds.
Warning: Simulation tolerance relaxed to achieve convergence from 1.3404172820584328e-04 to 1.3404172820584428e-04 seconds.
Warning: Simulation tolerance relaxed to achieve convergence from 1.3404172820585832e-04 to 1.3404172820585933e-04 seconds.
Warning: Simulation tolerance relaxed to achieve convergence from 1.3404172820585933e-04 to 1.3404172820586033e-04 seconds.
Warning: Simulation tolerance relaxed to achieve convergence from 1.3404172820586033e-04 to 1.3404172820586133e-04 seconds.
Warning: Simulation tolerance relaxed to achieve convergence from 1.3404172820586133e-04 to 1.3404172820586234e-04 seconds.
Warning: Simulation tolerance relaxed to achieve convergence from 1.3404172820586234e-04 to 1.3404172820586334e-04 seconds.
Warning: Simulation tolerance relaxed to achieve convergence from 1.3404172820586334e-04 to 1.3404172820586434e-04 seconds.
Warning: Simulation tolerance relaxed to achieve convergence from 1.3404172820586434e-04 to 1.3404172820586534e-04 seconds.
Warning: Simulation tolerance relaxed to achieve convergence from 1.3404172820586534e-04 to 1.3404172820586635e-04 seconds.
Warning: Simulation tolerance relaxed to achieve convergence from 1.3404172820586635e-04 to 1.3404172820586735e-04 seconds.
Warning: Simulation tolerance relaxed to achieve convergence from 1.3404172820586735e-04 to 1.3404172820586835e-04 seconds.
Warning: Simulation tolerance relaxed to achieve convergence from 1.3404172820586835e-04 to 1.3404172820586936e-04 seconds.
Warning: Simulation tolerance relaxed to achieve convergence from 1.3404172820586936e-04 to 1.3404172820587036e-04 seconds.
Warning: Simulation tolerance relaxed to achieve convergence from 1.3404172820587036e-04 to 1.3404172820587136e-04 seconds.
Warning: Simulation tolerance relaxed to achieve convergence from 1.3404172820587136e-04 to 1.3404172820587237e-04 seconds.
Warning: Simulation tolerance relaxed to achieve convergence from 1.3404172820587237e-04 to 1.3404172820587337e-04 seconds.
Warning: Simulation tolerance relaxed to achieve convergence from 1.3404172820587638e-04 to 1.3404172820587738e-04 seconds.
Warning: Simulation tolerance relaxed to achieve convergence from 1.3404172820589641e-04 to 1.3404172820589741e-04 seconds.
Warning: Simulation tolerance relaxed to achieve convergence from 1.3404172820589942e-04 to 1.3404172820590042e-04 seconds.
Warning: Simulation tolerance relaxed to achieve convergence from 1.3404172820593845e-04 to 1.3404172820593945e-04 seconds.
Warning: Simulation tolerance relaxed to achieve convergence from 1.3404172820593945e-04 to 1.3404172820594045e-04 seconds.
Warning: Simulation tolerance relaxed to achieve convergence from 1.3404172820594045e-04 to 1.3404172820594146e-04 seconds.
Warning: Simulation tolerance relaxed to achieve convergence from 1.3404172820594146e-04 to 1.3404172820594246e-04 seconds.
Warning: Simulation tolerance relaxed to achieve convergence from 1.3404172820594246e-04 to 1.3404172820594346e-04 seconds.
Warning: Simulation tolerance relaxed to achieve convergence from 1.3404172820594346e-04 to 1.3404172820594446e-04 seconds.
Warning: Simulation tolerance relaxed to achieve convergence from 1.3404172820594446e-04 to 1.3404172820594547e-04 seconds.
Warning: Simulation tolerance relaxed to achieve convergence from 1.3404172820594547e-04 to 1.3404172820594647e-04 seconds.
Warning: Simulation tolerance relaxed to achieve convergence from 1.3404172820594647e-04 to 1.3404172820594747e-04 seconds.
Warning: Simulation tolerance relaxed to achieve convergence from 1.3404172820594747e-04 to 1.3404172820594848e-04 seconds.
Warning: Simulation tolerance relaxed to achieve convergence from 1.3404172820594848e-04 to 1.3404172820594948e-04 seconds.
Warning: Simulation tolerance relaxed to achieve convergence from 1.3404172820594948e-04 to 1.3404172820595048e-04 seconds.
Warning: Simulation tolerance relaxed to achieve convergence from 1.3404172820595048e-04 to 1.3404172820595148e-04 seconds.
Warning: Simulation tolerance relaxed to achieve convergence from 1.3404172820595148e-04 to 1.3404172820595249e-04 seconds.
Warning: Simulation tolerance relaxed to achieve convergence from 1.3404172820595249e-04 to 1.3404172820595349e-04 seconds.
Warning: Simulation tolerance relaxed to achieve convergence from 1.3404172820595349e-04 to 1.3404172820595449e-04 seconds.
Warning: Simulation tolerance relaxed to achieve convergence from 1.3404172820599455e-04 to 1.3404172820599556e-04 seconds.
Warning: Simulation tolerance relaxed to achieve convergence from 1.3404172820614258e-04 to 1.3404172820614358e-04 seconds.
Warning: Simulation tolerance relaxed to achieve convergence from 1.3404172820617358e-04 to 1.3404172820617459e-04 seconds.
Warning: Simulation tolerance relaxed to achieve convergence from 1.3404172820619161e-04 to 1.3404172820619261e-04 seconds.
Warning: Simulation tolerance relaxed to achieve convergence from 1.3404172820626265e-04 to 1.3404172820626365e-04 seconds.
Warning: Simulation tolerance relaxed to achieve convergence from 1.3404172820627067e-04 to 1.3404172820627168e-04 seconds.
Warning: Simulation tolerance relaxed to achieve convergence from 1.3404172822464571e-04 to 1.3404172822464671e-04 seconds.
Warning: Simulation tolerance relaxed to achieve convergence from 1.3404172822474678e-04 to 1.3404172822474778e-04 seconds.
Warning: Simulation tolerance relaxed to achieve convergence from 1.3404172822474778e-04 to 1.3404172822474879e-04 seconds.
Warning: Simulation tolerance relaxed to achieve convergence from 1.3404172822474879e-04 to 1.3404172822474979e-04 seconds.
Warning: Simulation tolerance relaxed to achieve convergence from 1.3404172822474979e-04 to 1.3404172822475079e-04 seconds.
Warning: Simulation tolerance relaxed to achieve convergence from 1.3404172822475079e-04 to 1.3404172822475179e-04 seconds.
Warning: Simulation tolerance relaxed to achieve convergence from 1.3404172822475179e-04 to 1.3404172822475280e-04 seconds.
Warning: Simulation tolerance relaxed to achieve convergence from 1.3404172822475480e-04 to 1.3404172822475581e-04 seconds.
Warning: Simulation tolerance relaxed to achieve convergence from 1.3404172822475881e-04 to 1.3404172822475982e-04 seconds.
Warning: Simulation tolerance relaxed to achieve convergence from 1.3404172822476684e-04 to 1.3404172822476784e-04 seconds.
Warning: Simulation tolerance relaxed to achieve convergence from 1.3404172822478288e-04 to 1.3404172822478389e-04 seconds.
Warning: Simulation tolerance relaxed to achieve convergence from 1.3404172822478489e-04 to 1.3404172822478589e-04 seconds.
Warning: Simulation tolerance relaxed to achieve convergence from 1.3404172822478589e-04 to 1.3404172822478690e-04 seconds.
Warning: Simulation tolerance relaxed to achieve convergence from 1.3404172822478890e-04 to 1.3404172822478990e-04 seconds.
Warning: Simulation tolerance relaxed to achieve convergence from 1.3404172822485292e-04 to 1.3404172822485393e-04 seconds.
Warning: Simulation tolerance relaxed to achieve convergence from 1.3404172822485493e-04 to 1.3404172822485593e-04 seconds.
Warning: Simulation tolerance relaxed to achieve convergence from 1.3404172822492096e-04 to 1.3404172822492196e-04 seconds.
Warning: Simulation tolerance relaxed to achieve convergence from 1.3404172822498498e-04 to 1.3404172822498598e-04 seconds.
Warning: Simulation tolerance relaxed to achieve convergence from 1.3404172822498598e-04 to 1.3404172822498698e-04 seconds.
Warning: Simulation tolerance relaxed to achieve convergence from 1.3404172822498698e-04 to 1.3404172822498799e-04 seconds.
Warning: Simulation tolerance relaxed to achieve convergence from 1.3404172822500905e-04 to 1.3404172822501005e-04 seconds.
Warning: Simulation tolerance relaxed to achieve convergence from 1.3404172822504607e-04 to 1.3404172822504708e-04 seconds.
Warning: Simulation tolerance relaxed to achieve convergence from 1.3404172822508109e-04 to 1.3404172822508210e-04 seconds.
Warning: Simulation tolerance relaxed to achieve convergence from 1.3404172822508511e-04 to 1.3404172822508611e-04 seconds.
Warning: Simulation tolerance relaxed to achieve convergence from 1.3404172822515214e-04 to 1.3404172822515314e-04 seconds.
Warning: Simulation tolerance relaxed to achieve convergence from 1.3404172822515514e-04 to 1.3404172822515615e-04 seconds.
Warning: Simulation tolerance relaxed to achieve convergence from 1.3404172822515615e-04 to 1.3404172822515715e-04 seconds.
Warning: Simulation tolerance relaxed to achieve convergence from 1.3404172822515715e-04 to 1.3404172822515815e-04 seconds.
Warning: Simulation tolerance relaxed to achieve convergence from 1.3404172822515815e-04 to 1.3404172822515916e-04 seconds.
Warning: Simulation tolerance relaxed to achieve convergence from 1.3404172822515916e-04 to 1.3404172822516016e-04 seconds.
Warning: Simulation tolerance relaxed to achieve convergence from 1.3404172822518119e-04 to 1.3404172822518220e-04 seconds.
Warning: Simulation tolerance relaxed to achieve convergence from 1.3404172822519222e-04 to 1.3404172822519323e-04 seconds.
Warning: Simulation tolerance relaxed to achieve convergence from 1.3404172822541126e-04 to 1.3404172822541226e-04 seconds.
Warning: Simulation tolerance relaxed to achieve convergence from 1.3404172822541828e-04 to 1.3404172822541928e-04 seconds.
Warning: Simulation tolerance relaxed to achieve convergence from 1.3404172822602934e-04 to 1.3404172822603034e-04 seconds.
Warning: Simulation tolerance relaxed to achieve convergence from 1.3404172822610236e-04 to 1.3404172822610336e-04 seconds.
Warning: Simulation tolerance relaxed to achieve convergence from 1.3404172822610737e-04 to 1.3404172822610838e-04 seconds.
Warning: Simulation tolerance relaxed to achieve convergence from 1.3404172824632341e-04 to 1.3404172824632441e-04 seconds.
Warning: Simulation tolerance relaxed to achieve convergence from 1.3404172825391648e-04 to 1.3404172825391748e-04 seconds.
Warning: Simulation tolerance relaxed to achieve convergence from 1.3404172825393350e-04 to 1.3404172825393451e-04 seconds.
Warning: Simulation tolerance relaxed to achieve convergence from 1.3404172825393451e-04 to 1.3404172825393551e-04 seconds.
Warning: Simulation tolerance relaxed to achieve convergence from 1.3404172825520454e-04 to 1.3404172825520554e-04 seconds.
Warning: Simulation tolerance relaxed to achieve convergence from 1.3404172825525458e-04 to 1.3404172825525558e-04 seconds.
Warning: Simulation tolerance relaxed to achieve convergence from 1.3404172825525558e-04 to 1.3404172825525658e-04 seconds.
Warning: Simulation tolerance relaxed to achieve convergence from 1.3404172825525758e-04 to 1.3404172825525859e-04 seconds.
Warning: Simulation tolerance relaxed to achieve convergence from 1.3404172825532865e-04 to 1.3404172825532966e-04 seconds.
Warning: Simulation tolerance relaxed to achieve convergence from 1.3404172825533567e-04 to 1.3404172825533668e-04 seconds.
Warning: Simulation tolerance relaxed to achieve convergence from 1.3404172825533768e-04 to 1.3404172825533868e-04 seconds.
Warning: Simulation tolerance relaxed to achieve convergence from 1.3404172825540170e-04 to 1.3404172825540270e-04 seconds.
Warning: Simulation tolerance relaxed to achieve convergence from 1.3404172825540471e-04 to 1.3404172825540571e-04 seconds.
Warning: Simulation tolerance relaxed to achieve convergence from 1.3404172825551378e-04 to 1.3404172825551478e-04 seconds.
Warning: Simulation tolerance relaxed to achieve convergence from 1.3404172825551478e-04 to 1.3404172825551579e-04 seconds.
Warning: Simulation tolerance relaxed to achieve convergence from 1.3404172825551579e-04 to 1.3404172825551679e-04 seconds.
Warning: Simulation tolerance relaxed to achieve convergence from 1.3404172825551779e-04 to 1.3404172825551880e-04 seconds.
Warning: Simulation tolerance relaxed to achieve convergence from 3.0064096725151274e-04 to 3.0064096725151371e-04 seconds.
Warning: Simulation tolerance relaxed to achieve convergence from 3.5062030296125222e-04 to 3.5062030296125320e-04 seconds.
Warning: Simulation tolerance relaxed to achieve convergence from 3.5766275505626829e-04 to 3.5766275505626926e-04 seconds.
Warning: Simulation tolerance relaxed to achieve convergence from 3.5766275505626926e-04 to 3.5766275505627024e-04 seconds.
Warning: Simulation tolerance relaxed to achieve convergence from 3.5766275505627024e-04 to 3.5766275505627121e-04 seconds.
Warning: Simulation tolerance relaxed to achieve convergence from 4.2430233581552523e-04 to 4.2430233581552620e-04 seconds.
Warning: Simulation tolerance relaxed to achieve convergence from 4.2430233581553016e-04 to 4.2430233581553114e-04 seconds.
Warning: Simulation tolerance relaxed to achieve convergence from 4.2430233581554810e-04 to 4.2430233581554908e-04 seconds.
Warning: Simulation tolerance relaxed to achieve convergence from 6.2421933413964344e-04 to 6.2421933413964441e-04 seconds.
Warning: Simulation tolerance relaxed to achieve convergence from 6.2421933414048890e-04 to 6.2421933414048988e-04 seconds.
Warning: Simulation tolerance relaxed to achieve convergence from 6.2421933414049183e-04 to 6.2421933414049280e-04 seconds.
Warning: Simulation tolerance relaxed to achieve convergence from 6.2421933414055861e-04 to 6.2421933414055959e-04 seconds.
Warning: Simulation tolerance relaxed to achieve convergence from 6.2421933414056848e-04 to 6.2421933414056946e-04 seconds.
Warning: Simulation tolerance relaxed to achieve convergence from 6.2421933414057238e-04 to 6.2421933414057336e-04 seconds.
Warning: Simulation tolerance relaxed to achieve convergence from 6.2421933414060339e-04 to 6.2421933414060437e-04 seconds.
Warning: Simulation tolerance relaxed to achieve convergence from 6.4088307420682631e-04 to 6.4088307420682728e-04 seconds.
Warning: Simulation tolerance relaxed to achieve convergence from 6.4088307549054022e-04 to 6.4088307549054120e-04 seconds.
Warning: Simulation tolerance relaxed to achieve convergence from 6.4088307549054120e-04 to 6.4088307549054217e-04 seconds.
Warning: Simulation tolerance relaxed to achieve convergence from 6.4088307549063997e-04 to 6.4088307549064094e-04 seconds.
Warning: Simulation tolerance relaxed to achieve convergence from 6.4088307549064094e-04 to 6.4088307549064192e-04 seconds.
Warning: Simulation tolerance relaxed to achieve convergence from 6.4088307549064387e-04 to 6.4088307549064485e-04 seconds.
Warning: Simulation tolerance relaxed to achieve convergence from 6.4088307549065081e-04 to 6.4088307549065178e-04 seconds.
Warning: Simulation tolerance relaxed to achieve convergence from 6.4088307549065872e-04 to 6.4088307549065970e-04 seconds.
Warning: Simulation tolerance relaxed to achieve convergence from 6.4088307549070654e-04 to 6.4088307549070751e-04 seconds.
Warning: Simulation tolerance relaxed to achieve convergence from 6.4088307549072931e-04 to 6.4088307549073028e-04 seconds.
Warning: Simulation tolerance relaxed to achieve convergence from 6.4088307549073223e-04 to 6.4088307549073321e-04 seconds.
Warning: Simulation tolerance relaxed to achieve convergence from 6.4088307549081214e-04 to 6.4088307549081311e-04 seconds.
Warning: Simulation tolerance relaxed to achieve convergence from 7.4084290628206374e-04 to 7.4084290628206471e-04 seconds.
Warning: Simulation tolerance relaxed to achieve convergence from 7.4084290628206666e-04 to 7.4084290628206764e-04 seconds.
Warning: Simulation tolerance relaxed to achieve convergence from 7.5750404269592177e-04 to 7.5750404269592274e-04 seconds.
Warning: Simulation tolerance relaxed to achieve convergence from 7.5750404269592469e-04 to 7.5750404269592567e-04 seconds.
Warning: Simulation tolerance relaxed to achieve convergence from 7.5750404269594258e-04 to 7.5750404269594356e-04 seconds.
Warning: Simulation tolerance relaxed to achieve convergence from 7.5750404269609762e-04 to 7.5750404269609860e-04 seconds.
Warning: Simulation tolerance relaxed to achieve convergence from 7.5750404269610554e-04 to 7.5750404269610651e-04 seconds.
Warning: Simulation tolerance relaxed to achieve convergence from 8.0748103762480949e-04 to 8.0748103762481047e-04 seconds.
Warning: Simulation tolerance relaxed to achieve convergence from 8.2414259511221779e-04 to 8.2414259511221877e-04 seconds.
Warning: Simulation tolerance relaxed to achieve convergence from 8.2414259511247453e-04 to 8.2414259511247550e-04 seconds.
Warning: Simulation tolerance relaxed to achieve convergence from 8.4079935705447099e-04 to 8.4079935705447196e-04 seconds.
Warning: Simulation tolerance relaxed to achieve convergence from 8.4079935705448487e-04 to 8.4079935705448584e-04 seconds.
Warning: Simulation tolerance relaxed to achieve convergence from 8.4079935705469976e-04 to 8.4079935705470073e-04 seconds.
Warning: Simulation tolerance relaxed to achieve convergence from 8.5746335113178157e-04 to 8.5746335113178254e-04 seconds.
Warning: Simulation tolerance relaxed to achieve convergence from 8.5746335113178948e-04 to 8.5746335113179046e-04 seconds.
Warning: Simulation tolerance relaxed to achieve convergence from 9.0744082101307613e-04 to 9.0744082101307710e-04 seconds.
Warning: Simulation tolerance relaxed to achieve convergence from 9.0744082101307710e-04 to 9.0744082101307808e-04 seconds.
Warning: Simulation tolerance relaxed to achieve convergence from 9.0744082101307808e-04 to 9.0744082101307905e-04 seconds.
Warning: Simulation tolerance relaxed to achieve convergence from 9.0744082101309597e-04 to 9.0744082101309694e-04 seconds.
Warning: Simulation tolerance relaxed to achieve convergence from 9.0744082101347663e-04 to 9.0744082101347761e-04 seconds.
Warning: Simulation tolerance relaxed to achieve convergence from 9.0744082101347761e-04 to 9.0744082101347858e-04 seconds.
Warning: Simulation tolerance relaxed to achieve convergence from 9.0744082101347858e-04 to 9.0744082101347956e-04 seconds.
Warning: Simulation tolerance relaxed to achieve convergence from 9.0744082101348053e-04 to 9.0744082101348151e-04 seconds.
Warning: Simulation tolerance relaxed to achieve convergence from 9.0744083722526484e-04 to 9.0744083722526581e-04 seconds.
Warning: Simulation tolerance relaxed to achieve convergence from 9.0744083722526581e-04 to 9.0744083722526679e-04 seconds.
Warning: Simulation tolerance relaxed to achieve convergence from 9.2410053255477618e-04 to 9.2410053255477715e-04 seconds.
Warning: Simulation tolerance relaxed to achieve convergence from 9.2410053255480588e-04 to 9.2410053255480686e-04 seconds.
Warning: Simulation tolerance relaxed to achieve convergence from 9.2410053255482074e-04 to 9.2410053255482171e-04 seconds.
Warning: Simulation tolerance relaxed to achieve convergence from 9.2410053255482366e-04 to 9.2410053255482464e-04 seconds.
Warning: Simulation tolerance relaxed to achieve convergence from 9.2410053255642763e-04 to 9.2410053255642861e-04 seconds.
Warning: Simulation tolerance relaxed to achieve convergence from 9.2410053255643056e-04 to 9.2410053255643154e-04 seconds.
Warning: Simulation tolerance relaxed to achieve convergence from 9.2410053255643154e-04 to 9.2410053255643251e-04 seconds.
Warning: Simulation tolerance relaxed to achieve convergence from 9.2410053255697147e-04 to 9.2410053255697244e-04 seconds.
Warning: Simulation tolerance relaxed to achieve convergence from 9.2410053255704845e-04 to 9.2410053255704942e-04 seconds.
Warning: Simulation tolerance relaxed to achieve convergence from 9.2410053255704942e-04 to 9.2410053255705040e-04 seconds.
Warning: Simulation tolerance relaxed to achieve convergence from 9.2410053255705040e-04 to 9.2410053255705137e-04 seconds.
Warning: Simulation tolerance relaxed to achieve convergence from 9.2410053255705137e-04 to 9.2410053255705235e-04 seconds.
Warning: Simulation tolerance relaxed to achieve convergence from 9.2410053255707501e-04 to 9.2410053255707599e-04 seconds.
Warning: Simulation tolerance relaxed to achieve convergence from 9.2410053255765603e-04 to 9.2410053255765701e-04 seconds.
Warning: Simulation tolerance relaxed to achieve convergence from 9.2410053255765994e-04 to 9.2410053255766091e-04 seconds.
Warning: Simulation tolerance relaxed to achieve convergence from 9.2410053255766286e-04 to 9.2410053255766384e-04 seconds.
Warning: Simulation tolerance relaxed to achieve convergence from 9.2410053255766579e-04 to 9.2410053255766677e-04 seconds.
Warning: Simulation tolerance relaxed to achieve convergence from 9.2410053255766677e-04 to 9.2410053255766774e-04 seconds.
Warning: Simulation tolerance relaxed to achieve convergence from 9.2410053255767371e-04 to 9.2410053255767468e-04 seconds.
Warning: Simulation tolerance relaxed to achieve convergence from 9.2410053255768357e-04 to 9.2410053255768455e-04 seconds.
Warning: Simulation tolerance relaxed to achieve convergence from 9.2410053255768943e-04 to 9.2410053255769040e-04 seconds.
Warning: Simulation tolerance relaxed to achieve convergence from 9.2410053255771599e-04 to 9.2410053255771697e-04 seconds.
Warning: Simulation tolerance relaxed to achieve convergence from 9.2410053255793782e-04 to 9.2410053255793879e-04 seconds.
Warning: Simulation tolerance relaxed to achieve convergence from 1.0240630310654698e-03 to 1.0240630310654798e-03 seconds.
Warning: Simulation tolerance relaxed to achieve convergence from 1.0240630310656095e-03 to 1.0240630310656194e-03 seconds.
Warning: Simulation tolerance relaxed to achieve convergence from 1.0740422886967149e-03 to 1.0740422886967248e-03 seconds.
Warning: Simulation tolerance relaxed to achieve convergence from 1.0740422887019646e-03 to 1.0740422887019745e-03 seconds.
Warning: Simulation tolerance relaxed to achieve convergence from 1.0740422887020344e-03 to 1.0740422887020444e-03 seconds.
Warning: Simulation tolerance relaxed to achieve convergence from 1.0740422887020543e-03 to 1.0740422887020643e-03 seconds.
Warning: Simulation tolerance relaxed to achieve convergence from 1.0740422887020643e-03 to 1.0740422887020743e-03 seconds.
Warning: Simulation tolerance relaxed to achieve convergence from 1.0740422887021541e-03 to 1.0740422887021641e-03 seconds.
Warning: Simulation tolerance relaxed to achieve convergence from 1.0740422887021940e-03 to 1.0740422887022039e-03 seconds.
Warning: Simulation tolerance relaxed to achieve convergence from 1.0740422887022738e-03 to 1.0740422887022837e-03 seconds.
Warning: Simulation tolerance relaxed to achieve convergence from 1.0740422887023436e-03 to 1.0740422887023536e-03 seconds.
Warning: Simulation tolerance relaxed to achieve convergence from 1.0740422887024234e-03 to 1.0740422887024334e-03 seconds.
Warning: Simulation tolerance relaxed to achieve convergence from 1.0740422887027333e-03 to 1.0740422887027432e-03 seconds.
Warning: Simulation tolerance relaxed to achieve convergence from 1.0740422887027432e-03 to 1.0740422887027532e-03 seconds.
Warning: Simulation tolerance relaxed to achieve convergence from 1.0740422887028131e-03 to 1.0740422887028230e-03 seconds.
Warning: Simulation tolerance relaxed to achieve convergence from 1.0740422887028530e-03 to 1.0740422887028629e-03 seconds.
Warning: Simulation tolerance relaxed to achieve convergence from 1.0740422887028629e-03 to 1.0740422887028729e-03 seconds.
Warning: Simulation tolerance relaxed to achieve convergence from 1.0740422887030325e-03 to 1.0740422887030425e-03 seconds.
Warning: Simulation tolerance relaxed to achieve convergence from 1.0740422887031023e-03 to 1.0740422887031123e-03 seconds.
Warning: Simulation tolerance relaxed to achieve convergence from 1.0740422887032522e-03 to 1.0740422887032621e-03 seconds.
Warning: Simulation tolerance relaxed to achieve convergence from 1.0740422887032721e-03 to 1.0740422887032821e-03 seconds.
Warning: Simulation tolerance relaxed to achieve convergence from 1.0740422887032821e-03 to 1.0740422887032921e-03 seconds.
Warning: Simulation tolerance relaxed to achieve convergence from 1.1906610149612536e-03 to 1.1906610149612635e-03 seconds.
Warning: Simulation tolerance relaxed to achieve convergence from 1.1906610149614234e-03 to 1.1906610149614333e-03 seconds.
Warning: Simulation tolerance relaxed to achieve convergence from 1.1906610149614932e-03 to 1.1906610149615031e-03 seconds.
Warning: Simulation tolerance relaxed to achieve convergence from 1.1906610149615031e-03 to 1.1906610149615131e-03 seconds.
Warning: Simulation tolerance relaxed to achieve convergence from 1.1906610149615131e-03 to 1.1906610149615231e-03 seconds.
Warning: Simulation tolerance relaxed to achieve convergence from 1.1906610149617627e-03 to 1.1906610149617727e-03 seconds.
Warning: Simulation tolerance relaxed to achieve convergence from 1.1906610149619724e-03 to 1.1906610149619824e-03 seconds.
Warning: Simulation tolerance relaxed to achieve convergence from 1.1906610149620422e-03 to 1.1906610149620522e-03 seconds.
Warning: Simulation tolerance relaxed to achieve convergence from 1.1906610149620622e-03 to 1.1906610149620721e-03 seconds.
Warning: Simulation tolerance relaxed to achieve convergence from 1.1906610149623820e-03 to 1.1906610149623920e-03 seconds.
Warning: Simulation tolerance relaxed to achieve convergence from 1.2336018137162359e-03 to 1.2336018137162458e-03 seconds.
Warning: Simulation tolerance relaxed to achieve convergence from 1.2336018137188256e-03 to 1.2336018137188356e-03 seconds.
Warning: Simulation tolerance relaxed to achieve convergence from 1.2336018137189054e-03 to 1.2336018137189154e-03 seconds.
Warning: Simulation tolerance relaxed to achieve convergence from 1.2336018137192551e-03 to 1.2336018137192651e-03 seconds.
Warning: Simulation tolerance relaxed to achieve convergence from 1.2336018137192651e-03 to 1.2336018137192751e-03 seconds.
Warning: Simulation tolerance relaxed to achieve convergence from 1.2336018137195646e-03 to 1.2336018137195745e-03 seconds.
Warning: Simulation tolerance relaxed to achieve convergence from 1.2336018137196045e-03 to 1.2336018137196144e-03 seconds.
Warning: Simulation tolerance relaxed to achieve convergence from 1.3905825577791020e-03 to 1.3905825577791120e-03 seconds.
Warning: Simulation tolerance relaxed to achieve convergence from 1.3905825577791120e-03 to 1.3905825577791220e-03 seconds.
Warning: Simulation tolerance relaxed to achieve convergence from 1.3905825577791220e-03 to 1.3905825577791319e-03 seconds.
Warning: Simulation tolerance relaxed to achieve convergence from 1.3905825577791319e-03 to 1.3905825577791419e-03 seconds.
Warning: Simulation tolerance relaxed to achieve convergence from 1.3905825577791419e-03 to 1.3905825577791519e-03 seconds.
Warning: Simulation tolerance relaxed to achieve convergence from 1.3905825577792516e-03 to 1.3905825577792616e-03 seconds.
Warning: Simulation tolerance relaxed to achieve convergence from 1.3905825577793813e-03 to 1.3905825577793913e-03 seconds.
Warning: Simulation tolerance relaxed to achieve convergence from 1.3905825577793913e-03 to 1.3905825577794012e-03 seconds.
Warning: Simulation tolerance relaxed to achieve convergence from 1.3905825577794012e-03 to 1.3905825577794112e-03 seconds.
Warning: Simulation tolerance relaxed to achieve convergence from 1.3905825577794112e-03 to 1.3905825577794212e-03 seconds.
Warning: Simulation tolerance relaxed to achieve convergence from 1.3905825577794212e-03 to 1.3905825577794312e-03 seconds.
Warning: Simulation tolerance relaxed to achieve convergence from 1.3905825577794312e-03 to 1.3905825577794411e-03 seconds.
Warning: Simulation tolerance relaxed to achieve convergence from 1.5405222745233670e-03 to 1.5405222745233770e-03 seconds.
Warning: Simulation tolerance relaxed to achieve convergence from 1.5405222748042235e-03 to 1.5405222748042335e-03 seconds.
Warning: Simulation tolerance relaxed to achieve convergence from 1.5405222748045434e-03 to 1.5405222748045534e-03 seconds.
Warning: Simulation tolerance relaxed to achieve convergence from 1.6501021427328547e-03 to 1.6501021427328647e-03 seconds.
Warning: Simulation tolerance relaxed to achieve convergence from 1.6501021427329245e-03 to 1.6501021427329345e-03 seconds.
Warning: Simulation tolerance relaxed to achieve convergence from 1.6501021427336637e-03 to 1.6501021427336737e-03 seconds.
Warning: Simulation tolerance relaxed to achieve convergence from 1.6501021427336737e-03 to 1.6501021427336837e-03 seconds.
Warning: Simulation tolerance relaxed to achieve convergence from 1.6501021427337834e-03 to 1.6501021427337934e-03 seconds.
Warning: Simulation tolerance relaxed to achieve convergence from 1.6737992869311092e-03 to 1.6737992869311192e-03 seconds.
Warning: Simulation tolerance relaxed to achieve convergence from 1.6737992869311690e-03 to 1.6737992869311790e-03 seconds.
Warning: Simulation tolerance relaxed to achieve convergence from 1.6737992869311790e-03 to 1.6737992869311890e-03 seconds.
Warning: Simulation tolerance relaxed to achieve convergence from 1.6904633583194181e-03 to 1.6904633583194281e-03 seconds.
Warning: Simulation tolerance relaxed to achieve convergence from 1.7570998915321374e-03 to 1.7570998915321474e-03 seconds.
Warning: Simulation tolerance relaxed to achieve convergence from 1.7570998915327973e-03 to 1.7570998915328072e-03 seconds.
Warning: Simulation tolerance relaxed to achieve convergence from 1.7570998915329070e-03 to 1.7570998915329170e-03 seconds.
Warning: Simulation tolerance relaxed to achieve convergence from 1.7570998915329170e-03 to 1.7570998915329269e-03 seconds.
Warning: Simulation tolerance relaxed to achieve convergence from 1.7570998928319367e-03 to 1.7570998928319466e-03 seconds.
Warning: Simulation tolerance relaxed to achieve convergence from 1.7570998928321763e-03 to 1.7570998928321863e-03 seconds.
Warning: Simulation tolerance relaxed to achieve convergence from 1.7570998928321863e-03 to 1.7570998928321962e-03 seconds.
Warning: Simulation tolerance relaxed to achieve convergence from 1.7570998928322660e-03 to 1.7570998928322760e-03 seconds.
Warning: Simulation tolerance relaxed to achieve convergence from 1.7570998928322760e-03 to 1.7570998928322860e-03 seconds.
Warning: Simulation tolerance relaxed to achieve convergence from 1.7570998928322860e-03 to 1.7570998928322960e-03 seconds.
Warning: Simulation tolerance relaxed to achieve convergence from 1.7570998928325354e-03 to 1.7570998928325453e-03 seconds.
Warning: Simulation tolerance relaxed to achieve convergence from 1.7570998928325553e-03 to 1.7570998928325653e-03 seconds.
Warning: Simulation tolerance relaxed to achieve convergence from 1.7570998928331447e-03 to 1.7570998928331547e-03 seconds.
Warning: Simulation tolerance relaxed to achieve convergence from 1.7570998928331547e-03 to 1.7570998928331646e-03 seconds.
Warning: Simulation tolerance relaxed to achieve convergence from 1.7570998928331646e-03 to 1.7570998928331746e-03 seconds.
Warning: Simulation tolerance relaxed to achieve convergence from 1.7570998928332843e-03 to 1.7570998928332943e-03 seconds.
Warning: Simulation tolerance relaxed to achieve convergence from 1.7570998928333143e-03 to 1.7570998928333242e-03 seconds.
Warning: Simulation tolerance relaxed to achieve convergence from 1.7904217923510443e-03 to 1.7904217923510543e-03 seconds.
Warning: Simulation tolerance relaxed to achieve convergence from 1.7904217934784467e-03 to 1.7904217934784567e-03 seconds.
Warning: Simulation tolerance relaxed to achieve convergence from 1.7904217934784567e-03 to 1.7904217934784667e-03 seconds.
Warning: Simulation tolerance relaxed to achieve convergence from 1.7904217934784667e-03 to 1.7904217934784767e-03 seconds.
Warning: Simulation tolerance relaxed to achieve convergence from 1.7904217934792660e-03 to 1.7904217934792759e-03 seconds.
Warning: Simulation tolerance relaxed to achieve convergence from 1.7904217934792759e-03 to 1.7904217934792859e-03 seconds.
Warning: Simulation tolerance relaxed to achieve convergence from 1.7904217934793757e-03 to 1.7904217934793857e-03 seconds.
Warning: Simulation tolerance relaxed to achieve convergence from 1.9000020591859060e-03 to 1.9000020591859160e-03 seconds.
Warning: Simulation tolerance relaxed to achieve convergence from 1.9000020591860057e-03 to 1.9000020591860157e-03 seconds.
Warning: Simulation tolerance relaxed to achieve convergence from 1.9000020591866357e-03 to 1.9000020591866456e-03 seconds.
Warning: Simulation tolerance relaxed to achieve convergence from 1.9000020591872951e-03 to 1.9000020591873050e-03 seconds.
Warning: Simulation tolerance relaxed to achieve convergence from 1.9000020591873749e-03 to 1.9000020591873848e-03 seconds.
Warning: Simulation tolerance relaxed to achieve convergence from 1.9000020591875945e-03 to 1.9000020591876045e-03 seconds.
Warning: Simulation tolerance relaxed to achieve convergence from 1.9000020591876244e-03 to 1.9000020591876344e-03 seconds.
Warning: Simulation tolerance relaxed to achieve convergence from 1.9000020592000542e-03 to 1.9000020592000641e-03 seconds.
Warning: Simulation tolerance relaxed to achieve convergence from 1.9000020894693579e-03 to 1.9000020894693679e-03 seconds.
Warning: Simulation tolerance relaxed to achieve convergence from 1.9000020894693679e-03 to 1.9000020894693779e-03 seconds.
Warning: Simulation tolerance relaxed to achieve convergence from 1.9000020894694377e-03 to 1.9000020894694477e-03 seconds.
Warning: Simulation tolerance relaxed to achieve convergence from 1.9000020894694776e-03 to 1.9000020894694876e-03 seconds.
Warning: Simulation tolerance relaxed to achieve convergence from 1.9000020894696173e-03 to 1.9000020894696273e-03 seconds.
Warning: Simulation tolerance relaxed to achieve convergence from 1.9000020894696672e-03 to 1.9000020894696771e-03 seconds.
Warning: Simulation tolerance relaxed to achieve convergence from 1.9000020894697071e-03 to 1.9000020894697170e-03 seconds.
Warning: Simulation tolerance relaxed to achieve convergence from 1.9333196733995902e-03 to 1.9333196733996002e-03 seconds.
Warning: Simulation tolerance relaxed to achieve convergence from 1.9333196733996002e-03 to 1.9333196733996101e-03 seconds.
Warning: Simulation tolerance relaxed to achieve convergence from 1.9333196733996301e-03 to 1.9333196733996401e-03 seconds.
Warning: Simulation tolerance relaxed to achieve convergence from 1.9333196734028796e-03 to 1.9333196734028896e-03 seconds.
Warning: Simulation tolerance relaxed to achieve convergence from 1.9333196734033493e-03 to 1.9333196734033593e-03 seconds.
Warning: Simulation tolerance relaxed to achieve convergence from 1.9333196734036887e-03 to 1.9333196734036987e-03 seconds.
Warning: Simulation tolerance relaxed to achieve convergence from 1.9333196734038084e-03 to 1.9333196734038184e-03 seconds.
Warning: Simulation tolerance relaxed to achieve convergence from 1.9333196734122478e-03 to 1.9333196734122578e-03 seconds.
Warning: Simulation tolerance relaxed to achieve convergence from 1.9333196734122578e-03 to 1.9333196734122678e-03 seconds.
Warning: Simulation tolerance relaxed to achieve convergence from 1.9333196734145871e-03 to 1.9333196734145971e-03 seconds.
Warning: Simulation tolerance relaxed to achieve convergence from 1.9333196734154067e-03 to 1.9333196734154167e-03 seconds.
Warning: Simulation tolerance relaxed to achieve convergence from 1.9333196734154167e-03 to 1.9333196734154267e-03 seconds.
Warning: Simulation tolerance relaxed to achieve convergence from 1.9333196734154766e-03 to 1.9333196734154865e-03 seconds.
Warning: Simulation tolerance relaxed to achieve convergence from 1.9999600889240724e-03 to 1.9999600889240824e-03 seconds.
Warning: Simulation tolerance relaxed to achieve convergence from 2.0236628718515929e-03 to 2.0236628718516029e-03 seconds.
Warning: Simulation tolerance relaxed to achieve convergence from 2.0236628718516229e-03 to 2.0236628718516328e-03 seconds.
Warning: Simulation tolerance relaxed to achieve convergence from 2.0236628736127519e-03 to 2.0236628736127618e-03 seconds.
Warning: Simulation tolerance relaxed to achieve convergence from 2.0236628736127618e-03 to 2.0236628736127718e-03 seconds.
Warning: Simulation tolerance relaxed to achieve convergence from 2.0832614856460862e-03 to 2.0832614856460961e-03 seconds.
Warning: Simulation tolerance relaxed to achieve convergence from 2.0832614862712241e-03 to 2.0832614862712341e-03 seconds.
Warning: Simulation tolerance relaxed to achieve convergence from 2.0832614863760543e-03 to 2.0832614863760643e-03 seconds.
Warning: Simulation tolerance relaxed to achieve convergence from 2.1069625061874973e-03 to 2.1069625061875073e-03 seconds.
Warning: Simulation tolerance relaxed to achieve convergence from 2.1069625066204470e-03 to 2.1069625066204569e-03 seconds.
Warning: Simulation tolerance relaxed to achieve convergence from 2.1069625066205168e-03 to 2.1069625066205268e-03 seconds.
Warning: Simulation tolerance relaxed to achieve convergence from 2.1069625066205467e-03 to 2.1069625066205567e-03 seconds.
Warning: Simulation tolerance relaxed to achieve convergence from 2.1069625066206265e-03 to 2.1069625066206365e-03 seconds.
Warning: Simulation tolerance relaxed to achieve convergence from 2.1736034251722304e-03 to 2.1736034251722404e-03 seconds.
Warning: Simulation tolerance relaxed to achieve convergence from 2.1736034251723401e-03 to 2.1736034251723501e-03 seconds.
Warning: Simulation tolerance relaxed to achieve convergence from 2.1736034251724897e-03 to 2.1736034251724997e-03 seconds.
Warning: Simulation tolerance relaxed to achieve convergence from 2.1736034251724997e-03 to 2.1736034251725097e-03 seconds.
Warning: Simulation tolerance relaxed to achieve convergence from 2.1736034251725795e-03 to 2.1736034251725895e-03 seconds.
Warning: Simulation tolerance relaxed to achieve convergence from 2.1736034251725995e-03 to 2.1736034251726094e-03 seconds.
Warning: Simulation tolerance relaxed to achieve convergence from 2.1736034251727391e-03 to 2.1736034251727491e-03 seconds.
Warning: Simulation tolerance relaxed to achieve convergence from 2.2165405132164311e-03 to 2.2165405132164410e-03 seconds.
Warning: Simulation tolerance relaxed to achieve convergence from 2.2402431310434663e-03 to 2.2402431310434763e-03 seconds.
Warning: Simulation tolerance relaxed to achieve convergence from 2.2402431310434862e-03 to 2.2402431310434962e-03 seconds.
Warning: Simulation tolerance relaxed to achieve convergence from 2.2402431310434962e-03 to 2.2402431310435062e-03 seconds.
Warning: Simulation tolerance relaxed to achieve convergence from 2.2402431310462453e-03 to 2.2402431310462553e-03 seconds.
Warning: Simulation tolerance relaxed to achieve convergence from 2.2735626676494976e-03 to 2.2735626676495075e-03 seconds.
Warning: Simulation tolerance relaxed to achieve convergence from 2.2831815779710469e-03 to 2.2831815779710569e-03 seconds.
Warning: Simulation tolerance relaxed to achieve convergence from 2.2831815779710569e-03 to 2.2831815779710669e-03 seconds.
Warning: Simulation tolerance relaxed to achieve convergence from 2.2831815779715855e-03 to 2.2831815779715955e-03 seconds.
Warning: Simulation tolerance relaxed to achieve convergence from 2.2831815779744652e-03 to 2.2831815779744752e-03 seconds.
Warning: Simulation tolerance relaxed to achieve convergence from 2.3235429429083838e-03 to 2.3235429429083938e-03 seconds.
Warning: Simulation tolerance relaxed to achieve convergence from 2.3235429429084536e-03 to 2.3235429429084636e-03 seconds.
Warning: Simulation tolerance relaxed to achieve convergence from 2.3568589596670059e-03 to 2.3568589596670159e-03 seconds.
Warning: Simulation tolerance relaxed to achieve convergence from 2.3568589596670258e-03 to 2.3568589596670358e-03 seconds.
Warning: Simulation tolerance relaxed to achieve convergence from 2.3735210283865977e-03 to 2.3735210283866077e-03 seconds.
Warning: Simulation tolerance relaxed to achieve convergence from 2.4068429445433135e-03 to 2.4068429445433235e-03 seconds.
Warning: Simulation tolerance relaxed to achieve convergence from 2.4068429445434831e-03 to 2.4068429445434931e-03 seconds.
Warning: Simulation tolerance relaxed to achieve convergence from 2.4068429445435928e-03 to 2.4068429445436028e-03 seconds.
Warning: Simulation tolerance relaxed to achieve convergence from 2.4068429445436128e-03 to 2.4068429445436228e-03 seconds.
Warning: Simulation tolerance relaxed to achieve convergence from 2.4068429445437624e-03 to 2.4068429445437724e-03 seconds.
Warning: Simulation tolerance relaxed to achieve convergence from 2.4068429445439419e-03 to 2.4068429445439519e-03 seconds.
Warning: Simulation tolerance relaxed to achieve convergence from 2.4068429445439519e-03 to 2.4068429445439619e-03 seconds.
Warning: Simulation tolerance relaxed to achieve convergence from 2.4068429445439619e-03 to 2.4068429445439719e-03 seconds.
Warning: Simulation tolerance relaxed to achieve convergence from 2.4068429445439918e-03 to 2.4068429445440018e-03 seconds.
Warning: Simulation tolerance relaxed to achieve convergence from 2.4068429445440616e-03 to 2.4068429445440716e-03 seconds.
Warning: Simulation tolerance relaxed to achieve convergence from 2.4068429445440716e-03 to 2.4068429445440816e-03 seconds.
Warning: Simulation tolerance relaxed to achieve convergence from 2.4068429445444311e-03 to 2.4068429445444411e-03 seconds.
Warning: Simulation tolerance relaxed to achieve convergence from 2.4068429445444511e-03 to 2.4068429445444611e-03 seconds.
Warning: Simulation tolerance relaxed to achieve convergence from 2.4068429445444611e-03 to 2.4068429445444710e-03 seconds.
Warning: Simulation tolerance relaxed to achieve convergence from 2.4068429445444710e-03 to 2.4068429445444810e-03 seconds.
Warning: Simulation tolerance relaxed to achieve convergence from 2.4068429445445109e-03 to 2.4068429445445209e-03 seconds.
Warning: Simulation tolerance relaxed to achieve convergence from 2.4068429445446606e-03 to 2.4068429445446705e-03 seconds.
Warning: Simulation tolerance relaxed to achieve convergence from 2.4068429445447403e-03 to 2.4068429445447503e-03 seconds.
Warning: Simulation tolerance relaxed to achieve convergence from 2.4068429445447603e-03 to 2.4068429445447703e-03 seconds.
Warning: Simulation tolerance relaxed to achieve convergence from 2.4068429445447703e-03 to 2.4068429445447802e-03 seconds.
Warning: Simulation tolerance relaxed to achieve convergence from 2.4068429445448800e-03 to 2.4068429445448900e-03 seconds.
Warning: Simulation tolerance relaxed to achieve convergence from 2.4068429445451896e-03 to 2.4068429445451996e-03 seconds.
Warning: Simulation tolerance relaxed to achieve convergence from 2.4068429445452694e-03 to 2.4068429445452794e-03 seconds.
Warning: Simulation tolerance relaxed to achieve convergence from 2.4068429445452794e-03 to 2.4068429445452894e-03 seconds.
Warning: Simulation tolerance relaxed to achieve convergence from 2.4068429445453093e-03 to 2.4068429445453193e-03 seconds.
Warning: Simulation tolerance relaxed to achieve convergence from 2.4068429445453193e-03 to 2.4068429445453293e-03 seconds.
Warning: Simulation tolerance relaxed to achieve convergence from 2.4068429445557485e-03 to 2.4068429445557584e-03 seconds.
Warning: Simulation tolerance relaxed to achieve convergence from 2.4068429445557784e-03 to 2.4068429445557884e-03 seconds.
Warning: Simulation tolerance relaxed to achieve convergence from 2.4068429445558881e-03 to 2.4068429445558981e-03 seconds.
Warning: Simulation tolerance relaxed to achieve convergence from 2.4068429445559480e-03 to 2.4068429445559579e-03 seconds.
Warning: Simulation tolerance relaxed to achieve convergence from 2.4068429445561375e-03 to 2.4068429445561475e-03 seconds.
Warning: Simulation tolerance relaxed to achieve convergence from 2.4068429445563270e-03 to 2.4068429445563370e-03 seconds.
Warning: Simulation tolerance relaxed to achieve convergence from 2.4068429445563968e-03 to 2.4068429445564068e-03 seconds.
Warning: Simulation tolerance relaxed to achieve convergence from 2.4068429445564267e-03 to 2.4068429445564367e-03 seconds.
Warning: Simulation tolerance relaxed to achieve convergence from 2.4068429445565265e-03 to 2.4068429445565365e-03 seconds.
Warning: Simulation tolerance relaxed to achieve convergence from 2.4331213593019887e-03 to 2.4331213593019986e-03 seconds.
Warning: Simulation tolerance relaxed to achieve convergence from 2.4997615079658106e-03 to 2.4997615079658205e-03 seconds.
Warning: Simulation tolerance relaxed to achieve convergence from 2.4997615079658405e-03 to 2.4997615079658505e-03 seconds.
Warning: Simulation tolerance relaxed to achieve convergence from 2.4997615079668596e-03 to 2.4997615079668696e-03 seconds.
Warning: Simulation tolerance relaxed to achieve convergence from 2.4997615079680583e-03 to 2.4997615079680683e-03 seconds.
Warning: Simulation tolerance relaxed to achieve convergence from 2.5234623147069877e-03 to 2.5234623147069976e-03 seconds.
Warning: Simulation tolerance relaxed to achieve convergence from 2.5234623147189468e-03 to 2.5234623147189568e-03 seconds.
Warning: Simulation tolerance relaxed to achieve convergence from 2.5234623147190266e-03 to 2.5234623147190366e-03 seconds.
Warning: Simulation tolerance relaxed to achieve convergence from 2.5234623147190466e-03 to 2.5234623147190566e-03 seconds.
Warning: Simulation tolerance relaxed to achieve convergence from 2.5234623147202934e-03 to 2.5234623147203034e-03 seconds.
Warning: Simulation tolerance relaxed to achieve convergence from 2.5234623147203732e-03 to 2.5234623147203832e-03 seconds.
Warning: Simulation tolerance relaxed to achieve convergence from 2.5234623147204730e-03 to 2.5234623147204829e-03 seconds.
Warning: Simulation tolerance relaxed to achieve convergence from 2.5497419430547241e-03 to 2.5497419430547340e-03 seconds.
Warning: Simulation tolerance relaxed to achieve convergence from 2.5497419430547640e-03 to 2.5497419430547739e-03 seconds.
Warning: Simulation tolerance relaxed to achieve convergence from 2.5497419430548039e-03 to 2.5497419430548138e-03 seconds.
Warning: Simulation tolerance relaxed to achieve convergence from 2.5497419430548138e-03 to 2.5497419430548238e-03 seconds.
Warning: Simulation tolerance relaxed to achieve convergence from 2.5497419430548438e-03 to 2.5497419430548537e-03 seconds.
Warning: Simulation tolerance relaxed to achieve convergence from 2.5497419430548537e-03 to 2.5497419430548637e-03 seconds.
Warning: Simulation tolerance relaxed to achieve convergence from 2.5497419430548637e-03 to 2.5497419430548737e-03 seconds.
Warning: Simulation tolerance relaxed to achieve convergence from 2.5497419430548737e-03 to 2.5497419430548836e-03 seconds.
Warning: Simulation tolerance relaxed to achieve convergence from 2.5497419430550632e-03 to 2.5497419430550732e-03 seconds.
Warning: Simulation tolerance relaxed to achieve convergence from 2.5497419430551330e-03 to 2.5497419430551430e-03 seconds.
Warning: Simulation tolerance relaxed to achieve convergence from 2.5497419430551430e-03 to 2.5497419430551530e-03 seconds.
Warning: Simulation tolerance relaxed to achieve convergence from 2.5497419430552128e-03 to 2.5497419430552228e-03 seconds.
Warning: Simulation tolerance relaxed to achieve convergence from 2.5497419430552427e-03 to 2.5497419430552527e-03 seconds.
Warning: Simulation tolerance relaxed to achieve convergence from 2.5497419430560420e-03 to 2.5497419430560520e-03 seconds.
Warning: Simulation tolerance relaxed to achieve convergence from 2.5497419430560620e-03 to 2.5497419430560719e-03 seconds.
Warning: Simulation tolerance relaxed to achieve convergence from 2.5497419430564115e-03 to 2.5497419430564215e-03 seconds.
Warning: Simulation tolerance relaxed to achieve convergence from 2.5497419430564215e-03 to 2.5497419430564315e-03 seconds.
Warning: Simulation tolerance relaxed to achieve convergence from 2.5497419430565412e-03 to 2.5497419430565512e-03 seconds.
Warning: Simulation tolerance relaxed to achieve convergence from 2.5497419430565512e-03 to 2.5497419430565611e-03 seconds.
Warning: Simulation tolerance relaxed to achieve convergence from 2.5497419430573895e-03 to 2.5497419430573994e-03 seconds.
Warning: Simulation tolerance relaxed to achieve convergence from 2.5497419430574094e-03 to 2.5497419430574194e-03 seconds.
Warning: Simulation tolerance relaxed to achieve convergence from 2.5497419430574194e-03 to 2.5497419430574294e-03 seconds.
Warning: Simulation tolerance relaxed to achieve convergence from 2.5497419430637186e-03 to 2.5497419430637286e-03 seconds.
Warning: Simulation tolerance relaxed to achieve convergence from 2.5497419430637286e-03 to 2.5497419430637385e-03 seconds.
Warning: Simulation tolerance relaxed to achieve convergence from 2.5497419430640378e-03 to 2.5497419430640478e-03 seconds.
Warning: Simulation tolerance relaxed to achieve convergence from 2.5497419430641675e-03 to 2.5497419430641774e-03 seconds.
Warning: Simulation tolerance relaxed to achieve convergence from 2.5497419430641774e-03 to 2.5497419430641874e-03 seconds.
Warning: Simulation tolerance relaxed to achieve convergence from 2.5664028553818077e-03 to 2.5664028553818176e-03 seconds.
Warning: Simulation tolerance relaxed to achieve convergence from 2.5901035101049104e-03 to 2.5901035101049204e-03 seconds.
Warning: Simulation tolerance relaxed to achieve convergence from 2.5901035101049204e-03 to 2.5901035101049304e-03 seconds.
Warning: Simulation tolerance relaxed to achieve convergence from 2.5901035101049403e-03 to 2.5901035101049503e-03 seconds.
Warning: Simulation tolerance relaxed to achieve convergence from 2.5901035101050800e-03 to 2.5901035101050900e-03 seconds.
Warning: Simulation tolerance relaxed to achieve convergence from 2.5901035111233223e-03 to 2.5901035111233323e-03 seconds.
Warning: Simulation tolerance relaxed to achieve convergence from 2.5901035111233523e-03 to 2.5901035111233622e-03 seconds.
Warning: Simulation tolerance relaxed to achieve convergence from 2.5901035111242114e-03 to 2.5901035111242214e-03 seconds.
Warning: Simulation tolerance relaxed to achieve convergence from 2.6663608930767718e-03 to 2.6663608930767818e-03 seconds.
Warning: Simulation tolerance relaxed to achieve convergence from 2.6663608930769214e-03 to 2.6663608930769314e-03 seconds.
Warning: Simulation tolerance relaxed to achieve convergence from 2.6663608930770910e-03 to 2.6663608930771010e-03 seconds.
Warning: Simulation tolerance relaxed to achieve convergence from 2.6663608930780694e-03 to 2.6663608930780794e-03 seconds.
Warning: Simulation tolerance relaxed to achieve convergence from 2.6663608930780993e-03 to 2.6663608930781093e-03 seconds.
Warning: Simulation tolerance relaxed to achieve convergence from 2.6734029662632093e-03 to 2.6734029662632192e-03 seconds.
Warning: Simulation tolerance relaxed to achieve convergence from 2.6734029662632192e-03 to 2.6734029662632292e-03 seconds.
Warning: Simulation tolerance relaxed to achieve convergence from 2.6734029662632492e-03 to 2.6734029662632591e-03 seconds.
Warning: Simulation tolerance relaxed to achieve convergence from 2.6734029662632591e-03 to 2.6734029662632691e-03 seconds.
Warning: Simulation tolerance relaxed to achieve convergence from 2.6734029662633290e-03 to 2.6734029662633389e-03 seconds.
Warning: Simulation tolerance relaxed to achieve convergence from 2.6734029662633489e-03 to 2.6734029662633589e-03 seconds.
Warning: Simulation tolerance relaxed to achieve convergence from 2.6734029662634187e-03 to 2.6734029662634287e-03 seconds.
Warning: Simulation tolerance relaxed to achieve convergence from 2.7067222048100604e-03 to 2.7067222048100703e-03 seconds.
Warning: Simulation tolerance relaxed to achieve convergence from 2.7067222049552480e-03 to 2.7067222049552580e-03 seconds.
Warning: Simulation tolerance relaxed to achieve convergence from 2.7163413310735485e-03 to 2.7163413310735585e-03 seconds.
Warning: Simulation tolerance relaxed to achieve convergence from 2.7163413310737081e-03 to 2.7163413310737181e-03 seconds.
Warning: Simulation tolerance relaxed to achieve convergence from 2.7163413310968974e-03 to 2.7163413310969074e-03 seconds.
Warning: Simulation tolerance relaxed to achieve convergence from 2.7163413621873076e-03 to 2.7163413621873176e-03 seconds.
Warning: Simulation tolerance relaxed to achieve convergence from 2.7163413621874174e-03 to 2.7163413621874273e-03 seconds.
Warning: Simulation tolerance relaxed to achieve convergence from 2.7163413621991064e-03 to 2.7163413621991163e-03 seconds.
Warning: Simulation tolerance relaxed to achieve convergence from 2.7163413622096257e-03 to 2.7163413622096357e-03 seconds.
Warning: Simulation tolerance relaxed to achieve convergence from 2.7163413622105941e-03 to 2.7163413622106041e-03 seconds.
Warning: Simulation tolerance relaxed to achieve convergence from 2.7163413622109034e-03 to 2.7163413622109133e-03 seconds.
Warning: Simulation tolerance relaxed to achieve convergence from 2.7163413622109133e-03 to 2.7163413622109233e-03 seconds.
Warning: Simulation tolerance relaxed to achieve convergence from 2.7567007264132758e-03 to 2.7567007264132858e-03 seconds.
Warning: Simulation tolerance relaxed to achieve convergence from 2.7567007264133457e-03 to 2.7567007264133556e-03 seconds.
Warning: Simulation tolerance relaxed to achieve convergence from 2.7567007264133556e-03 to 2.7567007264133656e-03 seconds.
Warning: Simulation tolerance relaxed to achieve convergence from 2.7567007264133756e-03 to 2.7567007264133856e-03 seconds.
Warning: Simulation tolerance relaxed to achieve convergence from 2.7567007264134654e-03 to 2.7567007264134753e-03 seconds.
Warning: Simulation tolerance relaxed to achieve convergence from 2.7567007264221741e-03 to 2.7567007264221841e-03 seconds.
Warning: Simulation tolerance relaxed to achieve convergence from 2.8496222791398289e-03 to 2.8496222791398389e-03 seconds.
Warning: Simulation tolerance relaxed to achieve convergence from 2.8496222791650591e-03 to 2.8496222791650691e-03 seconds.
Warning: Simulation tolerance relaxed to achieve convergence from 2.8496222791668945e-03 to 2.8496222791669044e-03 seconds.
Warning: Simulation tolerance relaxed to achieve convergence from 2.8496222791694541e-03 to 2.8496222791694640e-03 seconds.
Warning: Simulation tolerance relaxed to achieve convergence from 2.8496222791695338e-03 to 2.8496222791695438e-03 seconds.
Warning: Simulation tolerance relaxed to achieve convergence from 2.8662815794489815e-03 to 2.8662815794489914e-03 seconds.
Warning: Simulation tolerance relaxed to achieve convergence from 2.8733217214429573e-03 to 2.8733217214429673e-03 seconds.
Warning: Simulation tolerance relaxed to achieve convergence from 2.8733217214429673e-03 to 2.8733217214429773e-03 seconds.
Warning: Simulation tolerance relaxed to achieve convergence from 2.8733217214434465e-03 to 2.8733217214434565e-03 seconds.
Warning: Simulation tolerance relaxed to achieve convergence from 2.8733217214434764e-03 to 2.8733217214434864e-03 seconds.
Warning: Simulation tolerance relaxed to achieve convergence from 2.8733217214435064e-03 to 2.8733217214435163e-03 seconds.
Warning: Simulation tolerance relaxed to achieve convergence from 2.8733217214435363e-03 to 2.8733217214435463e-03 seconds.
Warning: Simulation tolerance relaxed to achieve convergence from 2.8733217214435562e-03 to 2.8733217214435662e-03 seconds.
Warning: Simulation tolerance relaxed to achieve convergence from 2.8733217214435662e-03 to 2.8733217214435762e-03 seconds.
Warning: Simulation tolerance relaxed to achieve convergence from 2.8733217214435762e-03 to 2.8733217214435862e-03 seconds.
Warning: Simulation tolerance relaxed to achieve convergence from 2.9066432760499446e-03 to 2.9066432760499546e-03 seconds.
Warning: Simulation tolerance relaxed to achieve convergence from 2.9066432760505843e-03 to 2.9066432760505943e-03 seconds.
Warning: Simulation tolerance relaxed to achieve convergence from 2.9066432760509135e-03 to 2.9066432760509234e-03 seconds.
Warning: Simulation tolerance relaxed to achieve convergence from 2.9329218660194977e-03 to 2.9329218660195076e-03 seconds.
Warning: Simulation tolerance relaxed to achieve convergence from 2.9329218660198168e-03 to 2.9329218660198268e-03 seconds.
Warning: Simulation tolerance relaxed to achieve convergence from 3.0162220127833471e-03 to 3.0162220127833571e-03 seconds.
Warning: Simulation tolerance relaxed to achieve convergence from 3.0162220128087066e-03 to 3.0162220128087166e-03 seconds.
Warning: Simulation tolerance relaxed to achieve convergence from 3.0828619416845464e-03 to 3.0828619416845564e-03 seconds.
Warning: Simulation tolerance relaxed to achieve convergence from 3.1565429508598193e-03 to 3.1565429508598293e-03 seconds.
Warning: Simulation tolerance relaxed to achieve convergence from 3.1732033467059338e-03 to 3.1732033467059438e-03 seconds.
Warning: Simulation tolerance relaxed to achieve convergence from 3.2398428131206907e-03 to 3.2398428131207007e-03 seconds.
Warning: Simulation tolerance relaxed to achieve convergence from 3.2398428131207107e-03 to 3.2398428131207207e-03 seconds.
Warning: Simulation tolerance relaxed to achieve convergence from 3.2398428131207207e-03 to 3.2398428131207306e-03 seconds.
Warning: Simulation tolerance relaxed to achieve convergence from 3.2565030077982755e-03 to 3.2565030077982855e-03 seconds.
Warning: Simulation tolerance relaxed to achieve convergence from 3.2565030077983254e-03 to 3.2565030077983353e-03 seconds.
Warning: Simulation tolerance relaxed to achieve convergence from 3.2731622194144138e-03 to 3.2731622194144237e-03 seconds.
Warning: Simulation tolerance relaxed to achieve convergence from 3.2731622194146033e-03 to 3.2731622194146132e-03 seconds.
Warning: Simulation tolerance relaxed to achieve convergence from 3.2731622194146132e-03 to 3.2731622194146232e-03 seconds.
Warning: Simulation tolerance relaxed to achieve convergence from 3.2731622194146332e-03 to 3.2731622194146432e-03 seconds.
Warning: Simulation tolerance relaxed to achieve convergence from 3.2827773467634285e-03 to 3.2827773467634385e-03 seconds.
Warning: Simulation tolerance relaxed to achieve convergence from 3.2827773467664074e-03 to 3.2827773467664174e-03 seconds.
Warning: Simulation tolerance relaxed to achieve convergence from 3.2898188170876709e-03 to 3.2898188170876808e-03 seconds.
Warning: Simulation tolerance relaxed to achieve convergence from 3.2898188170879202e-03 to 3.2898188170879302e-03 seconds.
Warning: Simulation tolerance relaxed to achieve convergence from 3.2898188170888383e-03 to 3.2898188170888483e-03 seconds.
Warning: Simulation tolerance relaxed to achieve convergence from 3.2898188170888583e-03 to 3.2898188170888683e-03 seconds.
Warning: Simulation tolerance relaxed to achieve convergence from 3.2898188175962948e-03 to 3.2898188175963048e-03 seconds.
Warning: Simulation tolerance relaxed to achieve convergence from 3.2898188175971041e-03 to 3.2898188175971141e-03 seconds.
Warning: Simulation tolerance relaxed to achieve convergence from 3.2898188175990235e-03 to 3.2898188175990335e-03 seconds.
Warning: Simulation tolerance relaxed to achieve convergence from 3.2898188175991632e-03 to 3.2898188175991732e-03 seconds.
Warning: Simulation tolerance relaxed to achieve convergence from 3.2898188175992629e-03 to 3.2898188175992729e-03 seconds.
Warning: Simulation tolerance relaxed to achieve convergence from 3.2898188175994624e-03 to 3.2898188175994724e-03 seconds.
Warning: Simulation tolerance relaxed to achieve convergence from 3.2994393381604640e-03 to 3.2994393381604739e-03 seconds.
Warning: Simulation tolerance relaxed to achieve convergence from 3.2994393381605637e-03 to 3.2994393381605737e-03 seconds.
Warning: Simulation tolerance relaxed to achieve convergence from 3.2994393381606335e-03 to 3.2994393381606435e-03 seconds.
Warning: Simulation tolerance relaxed to achieve convergence from 3.2994393381606635e-03 to 3.2994393381606734e-03 seconds.
Warning: Simulation tolerance relaxed to achieve convergence from 3.2994393381616024e-03 to 3.2994393381616124e-03 seconds.
Warning: Simulation tolerance relaxed to achieve convergence from 3.3064821892729904e-03 to 3.3064821892730004e-03 seconds.
Warning: Simulation tolerance relaxed to achieve convergence from 3.3064821892730802e-03 to 3.3064821892730902e-03 seconds.
Warning: Simulation tolerance relaxed to achieve convergence from 3.3064821892731500e-03 to 3.3064821892731600e-03 seconds.
Warning: Simulation tolerance relaxed to achieve convergence from 3.3064821892734996e-03 to 3.3064821892735095e-03 seconds.
Warning: Simulation tolerance relaxed to achieve convergence from 3.3064821892735095e-03 to 3.3064821892735195e-03 seconds.
Warning: Simulation tolerance relaxed to achieve convergence from 3.3064821892735594e-03 to 3.3064821892735694e-03 seconds.
Warning: Simulation tolerance relaxed to achieve convergence from 3.3064821892737390e-03 to 3.3064821892737489e-03 seconds.
Warning: Simulation tolerance relaxed to achieve convergence from 3.3064821892739584e-03 to 3.3064821892739684e-03 seconds.
Warning: Simulation tolerance relaxed to achieve convergence from 3.3064821892741180e-03 to 3.3064821892741280e-03 seconds.
Warning: Simulation tolerance relaxed to achieve convergence from 3.3398028431665195e-03 to 3.3398028431665294e-03 seconds.
Warning: Simulation tolerance relaxed to achieve convergence from 3.3660780960166783e-03 to 3.3660780960166883e-03 seconds.
Warning: Simulation tolerance relaxed to achieve convergence from 3.3660780960172677e-03 to 3.3660780960172777e-03 seconds.
Warning: Simulation tolerance relaxed to achieve convergence from 3.3660780960172777e-03 to 3.3660780960172876e-03 seconds.
Warning: Simulation tolerance relaxed to achieve convergence from 3.3660780960172976e-03 to 3.3660780960173076e-03 seconds.
Warning: Simulation tolerance relaxed to achieve convergence from 3.3827406646931642e-03 to 3.3827406646931742e-03 seconds.
Warning: Simulation tolerance relaxed to achieve convergence from 3.4160616133003482e-03 to 3.4160616133003582e-03 seconds.
Warning: Simulation tolerance relaxed to achieve convergence from 3.4160616133010976e-03 to 3.4160616133011076e-03 seconds.
Warning: Simulation tolerance relaxed to achieve convergence from 3.4160616133012073e-03 to 3.4160616133012173e-03 seconds.
Warning: Simulation tolerance relaxed to achieve convergence from 3.4160616133012771e-03 to 3.4160616133012871e-03 seconds.
Warning: Simulation tolerance relaxed to achieve convergence from 3.4160616133013071e-03 to 3.4160616133013170e-03 seconds.
Warning: Simulation tolerance relaxed to achieve convergence from 3.4160616133018062e-03 to 3.4160616133018162e-03 seconds.
Warning: Simulation tolerance relaxed to achieve convergence from 3.4897390432241304e-03 to 3.4897390432241404e-03 seconds.
Warning: Simulation tolerance relaxed to achieve convergence from 3.4993609731505250e-03 to 3.4993609731505350e-03 seconds.
Warning: Simulation tolerance relaxed to achieve convergence from 3.4993609731508940e-03 to 3.4993609731509040e-03 seconds.
Warning: Simulation tolerance relaxed to achieve convergence from 3.4993609731509439e-03 to 3.4993609731509539e-03 seconds.
Warning: Simulation tolerance relaxed to achieve convergence from 3.4993609731513329e-03 to 3.4993609731513429e-03 seconds.
Warning: Simulation tolerance relaxed to achieve convergence from 3.5397224253613728e-03 to 3.5397224253613828e-03 seconds.
Warning: Simulation tolerance relaxed to achieve convergence from 3.5397224253614426e-03 to 3.5397224253614526e-03 seconds.
Warning: Simulation tolerance relaxed to achieve convergence from 3.5397224253614526e-03 to 3.5397224253614626e-03 seconds.
Warning: Simulation tolerance relaxed to achieve convergence from 3.5397224253617219e-03 to 3.5397224253617319e-03 seconds.
Warning: Simulation tolerance relaxed to achieve convergence from 3.5397224253619613e-03 to 3.5397224253619713e-03 seconds.
Warning: Simulation tolerance relaxed to achieve convergence from 3.5397224253619912e-03 to 3.5397224253620012e-03 seconds.
Warning: Simulation tolerance relaxed to achieve convergence from 3.5397224253621408e-03 to 3.5397224253621508e-03 seconds.
Warning: Simulation tolerance relaxed to achieve convergence from 3.5397224253621708e-03 to 3.5397224253621807e-03 seconds.
Warning: Simulation tolerance relaxed to achieve convergence from 3.5397224253621807e-03 to 3.5397224253621907e-03 seconds.
Warning: Simulation tolerance relaxed to achieve convergence from 3.5397224253637801e-03 to 3.5397224253637901e-03 seconds.
Warning: Simulation tolerance relaxed to achieve convergence from 3.5397224253638500e-03 to 3.5397224253638599e-03 seconds.
Warning: Simulation tolerance relaxed to achieve convergence from 3.5397224253638599e-03 to 3.5397224253638699e-03 seconds.
Warning: Simulation tolerance relaxed to achieve convergence from 3.5397224253639098e-03 to 3.5397224253639198e-03 seconds.
Warning: Simulation tolerance relaxed to achieve convergence from 3.5397224253639497e-03 to 3.5397224253639597e-03 seconds.
Warning: Simulation tolerance relaxed to achieve convergence from 3.5397224253647191e-03 to 3.5397224253647290e-03 seconds.
Warning: Simulation tolerance relaxed to achieve convergence from 3.5397224256509003e-03 to 3.5397224256509103e-03 seconds.
Warning: Simulation tolerance relaxed to achieve convergence from 3.5397224256509202e-03 to 3.5397224256509302e-03 seconds.
Warning: Simulation tolerance relaxed to achieve convergence from 3.5397224256510599e-03 to 3.5397224256510699e-03 seconds.
Warning: Simulation tolerance relaxed to achieve convergence from 3.5397224257531323e-03 to 3.5397224257531423e-03 seconds.
Warning: Simulation tolerance relaxed to achieve convergence from 3.5397224257531622e-03 to 3.5397224257531722e-03 seconds.
Warning: Simulation tolerance relaxed to achieve convergence from 3.6063623676059696e-03 to 3.6063623676059796e-03 seconds.
Warning: Simulation tolerance relaxed to achieve convergence from 3.6063623676059896e-03 to 3.6063623676059996e-03 seconds.
Warning: Simulation tolerance relaxed to achieve convergence from 3.6063623676060694e-03 to 3.6063623676060794e-03 seconds.
Warning: Simulation tolerance relaxed to achieve convergence from 3.6063623676063790e-03 to 3.6063623676063890e-03 seconds.
Warning: Simulation tolerance relaxed to achieve convergence from 3.6063623676065486e-03 to 3.6063623676065586e-03 seconds.
Warning: Simulation tolerance relaxed to achieve convergence from 3.6396808963960262e-03 to 3.6396808963960361e-03 seconds.
Warning: Simulation tolerance relaxed to achieve convergence from 3.6896610927918778e-03 to 3.6896610927918878e-03 seconds.
Warning: Simulation tolerance relaxed to achieve convergence from 3.6896610934912099e-03 to 3.6896610934912199e-03 seconds.
Warning: Simulation tolerance relaxed to achieve convergence from 3.6896610934913894e-03 to 3.6896610934913994e-03 seconds.
Warning: Simulation tolerance relaxed to achieve convergence from 3.7325976199517937e-03 to 3.7325976199518037e-03 seconds.
Warning: Simulation tolerance relaxed to achieve convergence from 3.7325976199521832e-03 to 3.7325976199521931e-03 seconds.
Warning: Simulation tolerance relaxed to achieve convergence from 3.7659194995593986e-03 to 3.7659194995594085e-03 seconds.
Warning: Simulation tolerance relaxed to achieve convergence from 3.7659194995630771e-03 to 3.7659194995630870e-03 seconds.
Warning: Simulation tolerance relaxed to achieve convergence from 3.7659194995663761e-03 to 3.7659194995663860e-03 seconds.
Warning: Simulation tolerance relaxed to achieve convergence from 3.7659194995663860e-03 to 3.7659194995663960e-03 seconds.
Warning: Simulation tolerance relaxed to achieve convergence from 3.8062834042238707e-03 to 3.8062834042238806e-03 seconds.
Warning: Simulation tolerance relaxed to achieve convergence from 3.8159009885753432e-03 to 3.8159009885753532e-03 seconds.
Warning: Simulation tolerance relaxed to achieve convergence from 3.8159009885754330e-03 to 3.8159009885754430e-03 seconds.
Warning: Simulation tolerance relaxed to achieve convergence from 3.8159009885756125e-03 to 3.8159009885756225e-03 seconds.
Warning: Simulation tolerance relaxed to achieve convergence from 3.8159009885756624e-03 to 3.8159009885756724e-03 seconds.
Warning: Simulation tolerance relaxed to achieve convergence from 3.8159009885757322e-03 to 3.8159009885757422e-03 seconds.
Warning: Simulation tolerance relaxed to achieve convergence from 3.8159009885760818e-03 to 3.8159009885760918e-03 seconds.
Warning: Simulation tolerance relaxed to achieve convergence from 3.8159009885831612e-03 to 3.8159009885831712e-03 seconds.
Warning: Simulation tolerance relaxed to achieve convergence from 3.8159009885965506e-03 to 3.8159009885965606e-03 seconds.
Warning: Simulation tolerance relaxed to achieve convergence from 3.8562635785118955e-03 to 3.8562635785119054e-03 seconds.
Warning: Simulation tolerance relaxed to achieve convergence from 3.8562635785123743e-03 to 3.8562635785123842e-03 seconds.
Warning: Simulation tolerance relaxed to achieve convergence from 3.8562635785126635e-03 to 3.8562635785126735e-03 seconds.
Warning: Simulation tolerance relaxed to achieve convergence from 3.8562635785128431e-03 to 3.8562635785128530e-03 seconds.
Warning: Simulation tolerance relaxed to achieve convergence from 3.8562635785129428e-03 to 3.8562635785129528e-03 seconds.
Warning: Simulation tolerance relaxed to achieve convergence from 3.8562635786444669e-03 to 3.8562635786444769e-03 seconds.
Warning: Simulation tolerance relaxed to achieve convergence from 3.8562635786445368e-03 to 3.8562635786445467e-03 seconds.
Warning: Simulation tolerance relaxed to achieve convergence from 3.9062424968508962e-03 to 3.9062424968509062e-03 seconds.
Warning: Simulation tolerance relaxed to achieve convergence from 3.9062424968509062e-03 to 3.9062424968509162e-03 seconds.
Warning: Simulation tolerance relaxed to achieve convergence from 3.9062424968509262e-03 to 3.9062424968509361e-03 seconds.
Warning: Simulation tolerance relaxed to achieve convergence from 3.9062424968523859e-03 to 3.9062424968523959e-03 seconds.
Warning: Simulation tolerance relaxed to achieve convergence from 3.9062424968523959e-03 to 3.9062424968524059e-03 seconds.
Warning: Simulation tolerance relaxed to achieve convergence from 3.9062424968531249e-03 to 3.9062424968531349e-03 seconds.
Warning: Simulation tolerance relaxed to achieve convergence from 3.9395601418656633e-03 to 3.9395601418656737e-03 seconds.
Warning: Simulation tolerance relaxed to achieve convergence from 3.9395601418660831e-03 to 3.9395601418660935e-03 seconds.
Warning: Simulation tolerance relaxed to achieve convergence from 3.9562231750665559e-03 to 3.9562231750665663e-03 seconds.
Warning: Simulation tolerance relaxed to achieve convergence from 3.9562231750680252e-03 to 3.9562231750680356e-03 seconds.
Warning: Simulation tolerance relaxed to achieve convergence from 3.9562231750681059e-03 to 3.9562231750681163e-03 seconds.
Warning: Simulation tolerance relaxed to achieve convergence from 3.9728826214681118e-03 to 3.9728826214681223e-03 seconds.
Warning: Simulation tolerance relaxed to achieve convergence from 3.9728826214682125e-03 to 3.9728826214682229e-03 seconds.
Warning: Simulation tolerance relaxed to achieve convergence from 4.0228589542029300e-03 to 4.0228589542029404e-03 seconds.
Warning: Simulation tolerance relaxed to achieve convergence from 4.0561793932708508e-03 to 4.0561793932708612e-03 seconds.
Warning: Simulation tolerance relaxed to achieve convergence from 4.0561793932716904e-03 to 4.0561793932717008e-03 seconds.
Warning: Simulation tolerance relaxed to achieve convergence from 4.0561793932720512e-03 to 4.0561793932720617e-03 seconds.
Warning: Simulation tolerance relaxed to achieve convergence from 4.0561793932722317e-03 to 4.0561793932722421e-03 seconds.
Warning: Simulation tolerance relaxed to achieve convergence from 4.1061596423714328e-03 to 4.1061596423714432e-03 seconds.
Warning: Simulation tolerance relaxed to achieve convergence from 4.1490977133730907e-03 to 4.1490977133731011e-03 seconds.
Warning: Simulation tolerance relaxed to achieve convergence from 4.1490977133734402e-03 to 4.1490977133734506e-03 seconds.
Warning: Simulation tolerance relaxed to achieve convergence from 4.1490977133737715e-03 to 4.1490977133737819e-03 seconds.
Warning: Simulation tolerance relaxed to achieve convergence from 4.1490977133741115e-03 to 4.1490977133741220e-03 seconds.
Warning: Simulation tolerance relaxed to achieve convergence from 4.1490977133817721e-03 to 4.1490977133817825e-03 seconds.
Warning: Simulation tolerance relaxed to achieve convergence from 4.1490977133818024e-03 to 4.1490977133818129e-03 seconds.
Warning: Simulation tolerance relaxed to achieve convergence from 4.1657612187452394e-03 to 4.1657612187452498e-03 seconds.
Warning: Simulation tolerance relaxed to achieve convergence from 4.2561032843772724e-03 to 4.2561032843772828e-03 seconds.
Warning: Simulation tolerance relaxed to achieve convergence from 4.2727629064580504e-03 to 4.2727629064580608e-03 seconds.
Warning: Simulation tolerance relaxed to achieve convergence from 4.2894217910225824e-03 to 4.2894217910225928e-03 seconds.
Warning: Simulation tolerance relaxed to achieve convergence from 4.2894217910227133e-03 to 4.2894217910227237e-03 seconds.
Warning: Simulation tolerance relaxed to achieve convergence from 4.3727211715009484e-03 to 4.3727211715009588e-03 seconds.
Warning: Simulation tolerance relaxed to achieve convergence from 4.3727211715009788e-03 to 4.3727211715009892e-03 seconds.
Warning: Simulation tolerance relaxed to achieve convergence from 4.3727211715009892e-03 to 4.3727211715009996e-03 seconds.
Warning: Simulation tolerance relaxed to achieve convergence from 4.3727211715009996e-03 to 4.3727211715010100e-03 seconds.
Warning: Simulation tolerance relaxed to achieve convergence from 4.4060423361235116e-03 to 4.4060423361235220e-03 seconds.
Warning: Simulation tolerance relaxed to achieve convergence from 4.4060423361238126e-03 to 4.4060423361238230e-03 seconds.
Warning: Simulation tolerance relaxed to achieve convergence from 4.4060423361281902e-03 to 4.4060423361282006e-03 seconds.
Warning: Simulation tolerance relaxed to achieve convergence from 4.4060423370957278e-03 to 4.4060423370957382e-03 seconds.
Warning: Simulation tolerance relaxed to achieve convergence from 4.4060423370957582e-03 to 4.4060423370957686e-03 seconds.
Warning: Simulation tolerance relaxed to achieve convergence from 4.4060423370957686e-03 to 4.4060423370957790e-03 seconds.
Warning: Simulation tolerance relaxed to achieve convergence from 4.4060423370957990e-03 to 4.4060423370958094e-03 seconds.
Warning: Simulation tolerance relaxed to achieve convergence from 4.4060423370958198e-03 to 4.4060423370958302e-03 seconds.
Warning: Simulation tolerance relaxed to achieve convergence from 4.4060423370968294e-03 to 4.4060423370968398e-03 seconds.
Warning: Simulation tolerance relaxed to achieve convergence from 4.4060423370968996e-03 to 4.4060423370969101e-03 seconds.
Warning: Simulation tolerance relaxed to achieve convergence from 4.4060423370970497e-03 to 4.4060423370970601e-03 seconds.
Warning: Simulation tolerance relaxed to achieve convergence from 4.4060423370970601e-03 to 4.4060423370970705e-03 seconds.
Warning: Simulation tolerance relaxed to achieve convergence from 4.4060423370977002e-03 to 4.4060423370977106e-03 seconds.
Warning: Simulation tolerance relaxed to achieve convergence from 4.4060423370977106e-03 to 4.4060423370977210e-03 seconds.
Warning: Simulation tolerance relaxed to achieve convergence from 4.4060423370978130e-03 to 4.4060423370978234e-03 seconds.
Warning: Simulation tolerance relaxed to achieve convergence from 4.4393625215582580e-03 to 4.4393625215582684e-03 seconds.
Warning: Simulation tolerance relaxed to achieve convergence from 4.4893407395037973e-03 to 4.4893407395038077e-03 seconds.
Warning: Simulation tolerance relaxed to achieve convergence from 4.4893407409100465e-03 to 4.4893407409100569e-03 seconds.
Warning: Simulation tolerance relaxed to achieve convergence from 4.4893407409100569e-03 to 4.4893407409100673e-03 seconds.
Warning: Simulation tolerance relaxed to achieve convergence from 4.4893407409100873e-03 to 4.4893407409100977e-03 seconds.
Warning: Simulation tolerance relaxed to achieve convergence from 4.5156211605549322e-03 to 4.5156211605549426e-03 seconds.
Warning: Simulation tolerance relaxed to achieve convergence from 4.5393208428925625e-03 to 4.5393208428925729e-03 seconds.
Warning: Simulation tolerance relaxed to achieve convergence from 4.6059621098285637e-03 to 4.6059621098285741e-03 seconds.
Warning: Simulation tolerance relaxed to achieve convergence from 4.6059621098286339e-03 to 4.6059621098286443e-03 seconds.
Warning: Simulation tolerance relaxed to achieve convergence from 4.6059621098324824e-03 to 4.6059621098324928e-03 seconds.
Warning: Simulation tolerance relaxed to achieve convergence from 4.6059621099820893e-03 to 4.6059621099820997e-03 seconds.
Warning: Simulation tolerance relaxed to achieve convergence from 4.6059621099821596e-03 to 4.6059621099821700e-03 seconds.
Warning: Simulation tolerance relaxed to achieve convergence from 4.6059621099821899e-03 to 4.6059621099822003e-03 seconds.
Warning: Simulation tolerance relaxed to achieve convergence from 4.6059621099822810e-03 to 4.6059621099822914e-03 seconds.
Warning: Simulation tolerance relaxed to achieve convergence from 4.6059621099848796e-03 to 4.6059621099848900e-03 seconds.
Warning: Simulation tolerance relaxed to achieve convergence from 4.6059621099849499e-03 to 4.6059621099849603e-03 seconds.
Warning: Simulation tolerance relaxed to achieve convergence from 4.6059621099849603e-03 to 4.6059621099849707e-03 seconds.
Warning: Simulation tolerance relaxed to achieve convergence from 4.6059621099852526e-03 to 4.6059621099852630e-03 seconds.
Warning: Simulation tolerance relaxed to achieve convergence from 4.6059621099856229e-03 to 4.6059621099856334e-03 seconds.
Warning: Simulation tolerance relaxed to achieve convergence from 4.6059621099856741e-03 to 4.6059621099856845e-03 seconds.
Warning: Simulation tolerance relaxed to achieve convergence from 4.6059621099858259e-03 to 4.6059621099858363e-03 seconds.
Warning: Simulation tolerance relaxed to achieve convergence from 4.6059621099884158e-03 to 4.6059621099884263e-03 seconds.
Warning: Simulation tolerance relaxed to achieve convergence from 4.6322413005636786e-03 to 4.6322413005636890e-03 seconds.
Warning: Simulation tolerance relaxed to achieve convergence from 4.6392831489999141e-03 to 4.6392831489999245e-03 seconds.
Warning: Simulation tolerance relaxed to achieve convergence from 4.6392831490000052e-03 to 4.6392831490000156e-03 seconds.
Warning: Simulation tolerance relaxed to achieve convergence from 4.6392831490000355e-03 to 4.6392831490000459e-03 seconds.
Warning: Simulation tolerance relaxed to achieve convergence from 4.6392831490000459e-03 to 4.6392831490000563e-03 seconds.
Warning: Simulation tolerance relaxed to achieve convergence from 4.6392831490001778e-03 to 4.6392831490001882e-03 seconds.
Warning: Simulation tolerance relaxed to achieve convergence from 4.6392831490003486e-03 to 4.6392831490003590e-03 seconds.
Warning: Simulation tolerance relaxed to achieve convergence from 4.6392831490004397e-03 to 4.6392831490004501e-03 seconds.
Warning: Simulation tolerance relaxed to achieve convergence from 4.6392831490005004e-03 to 4.6392831490005108e-03 seconds.
Warning: Simulation tolerance relaxed to achieve convergence from 4.6392831490007901e-03 to 4.6392831490008005e-03 seconds.
Warning: Simulation tolerance relaxed to achieve convergence from 4.6392831490010616e-03 to 4.6392831490010720e-03 seconds.
Warning: Simulation tolerance relaxed to achieve convergence from 4.6392831490010720e-03 to 4.6392831490010824e-03 seconds.
Warning: Simulation tolerance relaxed to achieve convergence from 4.6392831490011423e-03 to 4.6392831490011527e-03 seconds.
Warning: Simulation tolerance relaxed to achieve convergence from 4.6392831490021918e-03 to 4.6392831490022022e-03 seconds.
Warning: Simulation tolerance relaxed to achieve convergence from 4.6392831490022325e-03 to 4.6392831490022430e-03 seconds.
Warning: Simulation tolerance relaxed to achieve convergence from 4.6892634235651490e-03 to 4.6892634235651594e-03 seconds.
Warning: Simulation tolerance relaxed to achieve convergence from 4.7225843227197877e-03 to 4.7225843227197981e-03 seconds.
Warning: Simulation tolerance relaxed to achieve convergence from 4.7225843227199299e-03 to 4.7225843227199403e-03 seconds.
Warning: Simulation tolerance relaxed to achieve convergence from 4.7225843227199603e-03 to 4.7225843227199707e-03 seconds.
Warning: Simulation tolerance relaxed to achieve convergence from 4.7488627640142863e-03 to 4.7488627640142967e-03 seconds.
Warning: Simulation tolerance relaxed to achieve convergence from 4.7488627640165241e-03 to 4.7488627640165345e-03 seconds.
Warning: Simulation tolerance relaxed to achieve convergence from 4.7488627640165345e-03 to 4.7488627640165449e-03 seconds.
Warning: Simulation tolerance relaxed to achieve convergence from 4.7488627640189926e-03 to 4.7488627640190030e-03 seconds.
Warning: Simulation tolerance relaxed to achieve convergence from 4.7488627640199319e-03 to 4.7488627640199423e-03 seconds.
Warning: Simulation tolerance relaxed to achieve convergence from 4.7488627640199727e-03 to 4.7488627640199831e-03 seconds.
Warning: Simulation tolerance relaxed to achieve convergence from 4.7488627640203326e-03 to 4.7488627640203430e-03 seconds.
Warning: Simulation tolerance relaxed to achieve convergence from 4.7488627640203734e-03 to 4.7488627640203838e-03 seconds.
Warning: Simulation tolerance relaxed to achieve convergence from 4.7725625939436427e-03 to 4.7725625939436531e-03 seconds.
Warning: Simulation tolerance relaxed to achieve convergence from 4.7725625939455014e-03 to 4.7725625939455119e-03 seconds.
Warning: Simulation tolerance relaxed to achieve convergence from 4.7725625939458718e-03 to 4.7725625939458822e-03 seconds.
Warning: Simulation tolerance relaxed to achieve convergence from 4.7725625939463610e-03 to 4.7725625939463714e-03 seconds.
Warning: Simulation tolerance relaxed to achieve convergence from 4.7892202724650872e-03 to 4.7892202724650976e-03 seconds.
Warning: Simulation tolerance relaxed to achieve convergence from 4.7892202724650976e-03 to 4.7892202724651080e-03 seconds.
Warning: Simulation tolerance relaxed to achieve convergence from 4.8058840436176632e-03 to 4.8058840436176736e-03 seconds.
Warning: Simulation tolerance relaxed to achieve convergence from 4.8058840437249072e-03 to 4.8058840437249176e-03 seconds.
Warning: Simulation tolerance relaxed to achieve convergence from 4.8058840437252568e-03 to 4.8058840437252672e-03 seconds.
Warning: Simulation tolerance relaxed to achieve convergence from 4.8821423382842503e-03 to 4.8821423382842608e-03 seconds.
Warning: Simulation tolerance relaxed to achieve convergence from 4.8821423382842807e-03 to 4.8821423382842911e-03 seconds.
Warning: Simulation tolerance relaxed to achieve convergence from 4.8821423382844117e-03 to 4.8821423382844221e-03 seconds.
Warning: Simulation tolerance relaxed to achieve convergence from 4.8821423382846918e-03 to 4.8821423382847022e-03 seconds.
Warning: Simulation tolerance relaxed to achieve convergence from 4.8821423382847525e-03 to 4.8821423382847630e-03 seconds.
Warning: Simulation tolerance relaxed to achieve convergence from 4.8821423382847829e-03 to 4.8821423382847933e-03 seconds.
Warning: Simulation tolerance relaxed to achieve convergence from 4.8891833339330696e-03 to 4.8891833339330800e-03 seconds.
Warning: Simulation tolerance relaxed to achieve convergence from 4.8891833339331503e-03 to 4.8891833339331607e-03 seconds.
Warning: Simulation tolerance relaxed to achieve convergence from 4.8891833339337800e-03 to 4.8891833339337904e-03 seconds.
Warning: Simulation tolerance relaxed to achieve convergence from 4.8891833339337904e-03 to 4.8891833339338008e-03 seconds.
Warning: Simulation tolerance relaxed to achieve convergence from 4.9058429182150557e-03 to 4.9058429182150661e-03 seconds.
Warning: Simulation tolerance relaxed to achieve convergence from 4.9058429182151364e-03 to 4.9058429182151468e-03 seconds.
Warning: Simulation tolerance relaxed to achieve convergence from 4.9058429182155684e-03 to 4.9058429182155788e-03 seconds.
Warning: Simulation tolerance relaxed to achieve convergence from 4.9058429182155788e-03 to 4.9058429182155892e-03 seconds.
Warning: Simulation tolerance relaxed to achieve convergence from 4.9058429182155892e-03 to 4.9058429182155996e-03 seconds.
Warning: Simulation tolerance relaxed to achieve convergence from 4.9391612271626811e-03 to 4.9391612271626915e-03 seconds.
Warning: Simulation tolerance relaxed to achieve convergence from 4.9391612271626915e-03 to 4.9391612271627019e-03 seconds.
Warning: Simulation tolerance relaxed to achieve convergence from 4.9391612271628728e-03 to 4.9391612271628832e-03 seconds.
Warning: Simulation tolerance relaxed to achieve convergence from 4.9391612271629734e-03 to 4.9391612271629838e-03 seconds.
Warning: Simulation tolerance relaxed to achieve convergence from 4.9391612271630341e-03 to 4.9391612271630445e-03 seconds.
Warning: Simulation tolerance relaxed to achieve convergence from 4.9987626195342671e-03 to 4.9987626195342775e-03 seconds.
Warning: Simulation tolerance relaxed to achieve convergence from 5.0154190522488842e-03 to 5.0154190522488946e-03 seconds.
Warning: Simulation tolerance relaxed to achieve convergence from 5.0154190522489249e-03 to 5.0154190522489353e-03 seconds.
Warning: Simulation tolerance relaxed to achieve convergence from 5.0154190522489952e-03 to 5.0154190522490056e-03 seconds.
Warning: Simulation tolerance relaxed to achieve convergence from 5.0154190522504350e-03 to 5.0154190522504454e-03 seconds.
Warning: Simulation tolerance relaxed to achieve convergence from 5.0154190522505851e-03 to 5.0154190522505955e-03 seconds.
Warning: Simulation tolerance relaxed to achieve convergence from 5.0154190522506961e-03 to 5.0154190522507065e-03 seconds.
Warning: Simulation tolerance relaxed to achieve convergence from 5.0224619631666313e-03 to 5.0224619631666417e-03 seconds.
Warning: Simulation tolerance relaxed to achieve convergence from 5.0224619631666417e-03 to 5.0224619631666521e-03 seconds.
Warning: Simulation tolerance relaxed to achieve convergence from 5.0320821500273293e-03 to 5.0320821500273397e-03 seconds.
Warning: Simulation tolerance relaxed to achieve convergence from 5.0724432367331681e-03 to 5.0724432367331785e-03 seconds.
Warning: Simulation tolerance relaxed to achieve convergence from 5.0724432367333103e-03 to 5.0724432367333207e-03 seconds.
Warning: Simulation tolerance relaxed to achieve convergence from 5.0724432367333806e-03 to 5.0724432367333910e-03 seconds.
Warning: Simulation tolerance relaxed to achieve convergence from 5.0724432367333910e-03 to 5.0724432367334014e-03 seconds.
Warning: Simulation tolerance relaxed to achieve convergence from 5.0724432368511674e-03 to 5.0724432368511778e-03 seconds.
Warning: Simulation tolerance relaxed to achieve convergence from 5.0724432368512784e-03 to 5.0724432368512888e-03 seconds.
Warning: Simulation tolerance relaxed to achieve convergence from 5.1320422300681606e-03 to 5.1320422300681710e-03 seconds.
Warning: Simulation tolerance relaxed to achieve convergence from 5.1653612734466423e-03 to 5.1653612734466527e-03 seconds.
Warning: Simulation tolerance relaxed to achieve convergence from 5.1653612734478610e-03 to 5.1653612734478714e-03 seconds.
Warning: Simulation tolerance relaxed to achieve convergence from 5.1653612734511916e-03 to 5.1653612734512020e-03 seconds.
Warning: Simulation tolerance relaxed to achieve convergence from 5.1653612734519532e-03 to 5.1653612734519636e-03 seconds.
Warning: Simulation tolerance relaxed to achieve convergence from 5.1653612734520746e-03 to 5.1653612734520850e-03 seconds.
Warning: Simulation tolerance relaxed to achieve convergence from 5.1724029054725472e-03 to 5.1724029054725576e-03 seconds.
Warning: Simulation tolerance relaxed to achieve convergence from 5.1724029054725576e-03 to 5.1724029054725680e-03 seconds.
Warning: Simulation tolerance relaxed to achieve convergence from 5.1724029054725680e-03 to 5.1724029054725784e-03 seconds.
Warning: Simulation tolerance relaxed to achieve convergence from 5.1724029054725984e-03 to 5.1724029054726088e-03 seconds.
Warning: Simulation tolerance relaxed to achieve convergence from 5.1724029054736175e-03 to 5.1724029054736279e-03 seconds.
Warning: Simulation tolerance relaxed to achieve convergence from 5.1724029054736791e-03 to 5.1724029054736895e-03 seconds.
Warning: Simulation tolerance relaxed to achieve convergence from 5.1724029054854891e-03 to 5.1724029054854995e-03 seconds.
Warning: Simulation tolerance relaxed to achieve convergence from 5.1724029054854995e-03 to 5.1724029054855099e-03 seconds.
Warning: Simulation tolerance relaxed to achieve convergence from 5.1724029068656264e-03 to 5.1724029068656368e-03 seconds.
Warning: Simulation tolerance relaxed to achieve convergence from 5.1724029068656672e-03 to 5.1724029068656776e-03 seconds.
Warning: Simulation tolerance relaxed to achieve convergence from 5.1724029068656776e-03 to 5.1724029068656880e-03 seconds.
Warning: Simulation tolerance relaxed to achieve convergence from 5.2057193605402506e-03 to 5.2057193605402610e-03 seconds.
Warning: Simulation tolerance relaxed to achieve convergence from 5.2223819168880263e-03 to 5.2223819168880367e-03 seconds.
Warning: Simulation tolerance relaxed to achieve convergence from 5.2223819168881070e-03 to 5.2223819168881174e-03 seconds.
Warning: Simulation tolerance relaxed to achieve convergence from 5.2223819168881773e-03 to 5.2223819168881877e-03 seconds.
Warning: Simulation tolerance relaxed to achieve convergence from 5.2320017116627175e-03 to 5.2320017116627279e-03 seconds.
Warning: Simulation tolerance relaxed to achieve convergence from 5.2320017116987477e-03 to 5.2320017116987581e-03 seconds.
Warning: Simulation tolerance relaxed to achieve convergence from 5.2320017116993774e-03 to 5.2320017116993878e-03 seconds.
Warning: Simulation tolerance relaxed to achieve convergence from 5.2723592932008099e-03 to 5.2723592932008203e-03 seconds.
Warning: Simulation tolerance relaxed to achieve convergence from 5.2723592932008307e-03 to 5.2723592932008411e-03 seconds.
Warning: Simulation tolerance relaxed to achieve convergence from 5.2723592932008411e-03 to 5.2723592932008515e-03 seconds.
Warning: Simulation tolerance relaxed to achieve convergence from 5.2723592932045829e-03 to 5.2723592932045933e-03 seconds.
Warning: Simulation tolerance relaxed to achieve convergence from 5.2723592932046237e-03 to 5.2723592932046341e-03 seconds.
Warning: Simulation tolerance relaxed to achieve convergence from 5.2723592932046341e-03 to 5.2723592932046445e-03 seconds.
Warning: Simulation tolerance relaxed to achieve convergence from 5.2723592932047356e-03 to 5.2723592932047460e-03 seconds.
Warning: Simulation tolerance relaxed to achieve convergence from 5.2723592932047460e-03 to 5.2723592932047564e-03 seconds.
Warning: Simulation tolerance relaxed to achieve convergence from 5.2723592932047564e-03 to 5.2723592932047668e-03 seconds.
Warning: Simulation tolerance relaxed to achieve convergence from 5.2723592932047668e-03 to 5.2723592932047772e-03 seconds.
Warning: Simulation tolerance relaxed to achieve convergence from 5.2723592932047772e-03 to 5.2723592932047876e-03 seconds.
Warning: Simulation tolerance relaxed to achieve convergence from 5.2723593103017607e-03 to 5.2723593103017712e-03 seconds.
Warning: Simulation tolerance relaxed to achieve convergence from 5.2890234629465521e-03 to 5.2890234629465625e-03 seconds.
Warning: Simulation tolerance relaxed to achieve convergence from 5.3319622033989244e-03 to 5.3319622033989348e-03 seconds.
Warning: Simulation tolerance relaxed to achieve convergence from 5.3319622033989557e-03 to 5.3319622033989661e-03 seconds.
Warning: Simulation tolerance relaxed to achieve convergence from 5.3319622033990363e-03 to 5.3319622033990467e-03 seconds.
Warning: Simulation tolerance relaxed to achieve convergence from 5.3319622033994067e-03 to 5.3319622033994171e-03 seconds.
Warning: Simulation tolerance relaxed to achieve convergence from 5.3319622033994379e-03 to 5.3319622033994483e-03 seconds.
Warning: Simulation tolerance relaxed to achieve convergence from 5.3319622033994587e-03 to 5.3319622033994691e-03 seconds.
Warning: Simulation tolerance relaxed to achieve convergence from 5.3486216170909890e-03 to 5.3486216170909994e-03 seconds.
Warning: Simulation tolerance relaxed to achieve convergence from 5.3486216170911590e-03 to 5.3486216170911694e-03 seconds.
Warning: Simulation tolerance relaxed to achieve convergence from 5.3486216170914305e-03 to 5.3486216170914409e-03 seconds.
Warning: Simulation tolerance relaxed to achieve convergence from 5.3486216170918911e-03 to 5.3486216170919015e-03 seconds.
Warning: Simulation tolerance relaxed to achieve convergence from 5.3723228264590268e-03 to 5.3723228264590372e-03 seconds.
Warning: Simulation tolerance relaxed to achieve convergence from 5.3889839032758126e-03 to 5.3889839032758230e-03 seconds.
Warning: Simulation tolerance relaxed to achieve convergence from 5.3889839032758334e-03 to 5.3889839032758438e-03 seconds.
Warning: Simulation tolerance relaxed to achieve convergence from 5.3889839032758942e-03 to 5.3889839032759046e-03 seconds.
Warning: Simulation tolerance relaxed to achieve convergence from 5.3889839032764536e-03 to 5.3889839032764640e-03 seconds.
Warning: Simulation tolerance relaxed to achieve convergence from 5.3889839032764944e-03 to 5.3889839032765048e-03 seconds.
Warning: Simulation tolerance relaxed to achieve convergence from 5.3889839032768552e-03 to 5.3889839032768656e-03 seconds.
Warning: Simulation tolerance relaxed to achieve convergence from 5.3889839032768960e-03 to 5.3889839032769064e-03 seconds.
Warning: Simulation tolerance relaxed to achieve convergence from 5.3889839245681919e-03 to 5.3889839245682023e-03 seconds.
Warning: Simulation tolerance relaxed to achieve convergence from 5.3889839245683030e-03 to 5.3889839245683134e-03 seconds.
Warning: Simulation tolerance relaxed to achieve convergence from 5.3889839245683238e-03 to 5.3889839245683342e-03 seconds.
Warning: Simulation tolerance relaxed to achieve convergence from 5.3889839245683940e-03 to 5.3889839245684044e-03 seconds.
Warning: Simulation tolerance relaxed to achieve convergence from 5.3889839245685450e-03 to 5.3889839245685554e-03 seconds.
Warning: Simulation tolerance relaxed to achieve convergence from 5.3889839245686256e-03 to 5.3889839245686360e-03 seconds.
Warning: Simulation tolerance relaxed to achieve convergence from 5.3889839245687176e-03 to 5.3889839245687280e-03 seconds.
Warning: Simulation tolerance relaxed to achieve convergence from 5.3889839245690706e-03 to 5.3889839245690810e-03 seconds.
Warning: Simulation tolerance relaxed to achieve convergence from 5.4485814675314988e-03 to 5.4485814675315093e-03 seconds.
Warning: Simulation tolerance relaxed to achieve convergence from 5.4485814675318692e-03 to 5.4485814675318796e-03 seconds.
Warning: Simulation tolerance relaxed to achieve convergence from 5.4485814675318996e-03 to 5.4485814675319100e-03 seconds.
Warning: Simulation tolerance relaxed to achieve convergence from 5.4556229279002794e-03 to 5.4556229279002898e-03 seconds.
Warning: Simulation tolerance relaxed to achieve convergence from 5.5056032497740907e-03 to 5.5056032497741011e-03 seconds.
Warning: Simulation tolerance relaxed to achieve convergence from 5.6818198868096971e-03 to 5.6818198868097075e-03 seconds.
Warning: Simulation tolerance relaxed to achieve convergence from 5.6818198868097075e-03 to 5.6818198868097180e-03 seconds.
Warning: Simulation tolerance relaxed to achieve convergence from 5.6984820607976390e-03 to 5.6984820607976494e-03 seconds.
Warning: Simulation tolerance relaxed to achieve convergence from 5.6984820898960042e-03 to 5.6984820898960146e-03 seconds.
Warning: Simulation tolerance relaxed to achieve convergence from 5.7317986604903687e-03 to 5.7317986604903792e-03 seconds.
Warning: Simulation tolerance relaxed to achieve convergence from 5.7317986604904390e-03 to 5.7317986604904494e-03 seconds.
Warning: Simulation tolerance relaxed to achieve convergence from 5.7388431555727183e-03 to 5.7388431555727287e-03 seconds.
Warning: Simulation tolerance relaxed to achieve convergence from 5.7388431555727886e-03 to 5.7388431555727990e-03 seconds.
Warning: Simulation tolerance relaxed to achieve convergence from 5.7388431555727990e-03 to 5.7388431555728094e-03 seconds.
Warning: Simulation tolerance relaxed to achieve convergence from 5.7388431555728094e-03 to 5.7388431555728198e-03 seconds.
Warning: Simulation tolerance relaxed to achieve convergence from 5.7388431555729707e-03 to 5.7388431555729811e-03 seconds.
Warning: Simulation tolerance relaxed to achieve convergence from 5.7388431555740315e-03 to 5.7388431555740419e-03 seconds.
Warning: Simulation tolerance relaxed to achieve convergence from 5.7388431555740523e-03 to 5.7388431555740627e-03 seconds.
Warning: Simulation tolerance relaxed to achieve convergence from 5.7388431555741226e-03 to 5.7388431555741330e-03 seconds.
Warning: Simulation tolerance relaxed to achieve convergence from 5.7388431555741330e-03 to 5.7388431555741434e-03 seconds.
Warning: Simulation tolerance relaxed to achieve convergence from 5.7388431555742544e-03 to 5.7388431555742648e-03 seconds.
Warning: Simulation tolerance relaxed to achieve convergence from 5.7388431555749561e-03 to 5.7388431555749665e-03 seconds.
Warning: Simulation tolerance relaxed to achieve convergence from 5.7555003738985738e-03 to 5.7555003738985842e-03 seconds.
Warning: Simulation tolerance relaxed to achieve convergence from 5.7555003738985842e-03 to 5.7555003738985946e-03 seconds.
Warning: Simulation tolerance relaxed to achieve convergence from 5.7555003739054519e-03 to 5.7555003739054623e-03 seconds.
Warning: Simulation tolerance relaxed to achieve convergence from 5.7555003739055135e-03 to 5.7555003739055239e-03 seconds.
Warning: Simulation tolerance relaxed to achieve convergence from 5.7555003739055239e-03 to 5.7555003739055343e-03 seconds.
Warning: Simulation tolerance relaxed to achieve convergence from 5.7555003739055647e-03 to 5.7555003739055751e-03 seconds.
Warning: Simulation tolerance relaxed to achieve convergence from 5.7555003907404203e-03 to 5.7555003907404307e-03 seconds.
Warning: Simulation tolerance relaxed to achieve convergence from 5.7555003907404307e-03 to 5.7555003907404411e-03 seconds.
Warning: Simulation tolerance relaxed to achieve convergence from 5.7984423927808703e-03 to 5.7984423927808807e-03 seconds.
Warning: Simulation tolerance relaxed to achieve convergence from 5.8484215504387262e-03 to 5.8484215504387366e-03 seconds.
Warning: Simulation tolerance relaxed to achieve convergence from 5.8484215504387470e-03 to 5.8484215504387574e-03 seconds.
Warning: Simulation tolerance relaxed to achieve convergence from 5.8650824793186227e-03 to 5.8650824793186332e-03 seconds.
Warning: Simulation tolerance relaxed to achieve convergence from 5.8650824793186531e-03 to 5.8650824793186635e-03 seconds.
Warning: Simulation tolerance relaxed to achieve convergence from 5.8650824793187138e-03 to 5.8650824793187242e-03 seconds.
Warning: Simulation tolerance relaxed to achieve convergence from 5.8650824793187242e-03 to 5.8650824793187346e-03 seconds.
Warning: Simulation tolerance relaxed to achieve convergence from 5.8650824793189350e-03 to 5.8650824793189454e-03 seconds.
Warning: Simulation tolerance relaxed to achieve convergence from 5.8650824793189558e-03 to 5.8650824793189662e-03 seconds.
Warning: Simulation tolerance relaxed to achieve convergence from 5.8650824793189662e-03 to 5.8650824793189766e-03 seconds.
Warning: Simulation tolerance relaxed to achieve convergence from 5.8650824793189766e-03 to 5.8650824793189870e-03 seconds.
Warning: Simulation tolerance relaxed to achieve convergence from 5.8650824793190469e-03 to 5.8650824793190573e-03 seconds.
Warning: Simulation tolerance relaxed to achieve convergence from 5.8650824793193565e-03 to 5.8650824793193669e-03 seconds.
Warning: Simulation tolerance relaxed to achieve convergence from 5.8721213424989460e-03 to 5.8721213424989564e-03 seconds.
Warning: Simulation tolerance relaxed to achieve convergence from 5.8721213424989763e-03 to 5.8721213424989867e-03 seconds.
Warning: Simulation tolerance relaxed to achieve convergence from 5.8721213424991377e-03 to 5.8721213424991481e-03 seconds.
Warning: Simulation tolerance relaxed to achieve convergence from 5.8887829026001938e-03 to 5.8887829026002042e-03 seconds.
Warning: Simulation tolerance relaxed to achieve convergence from 5.8887829026023934e-03 to 5.8887829026024038e-03 seconds.
Warning: Simulation tolerance relaxed to achieve convergence from 5.8887829026024038e-03 to 5.8887829026024142e-03 seconds.
Warning: Simulation tolerance relaxed to achieve convergence from 5.8887829026024246e-03 to 5.8887829026024350e-03 seconds.
Warning: Simulation tolerance relaxed to achieve convergence from 5.8887829026032165e-03 to 5.8887829026032269e-03 seconds.
Warning: Simulation tolerance relaxed to achieve convergence from 5.8887829026032269e-03 to 5.8887829026032373e-03 seconds.
Warning: Simulation tolerance relaxed to achieve convergence from 5.8887829026033379e-03 to 5.8887829026033484e-03 seconds.
Warning: Simulation tolerance relaxed to achieve convergence from 5.8887829026033484e-03 to 5.8887829026033588e-03 seconds.
Warning: Simulation tolerance relaxed to achieve convergence from 5.8887829026033588e-03 to 5.8887829026033692e-03 seconds.
Warning: Simulation tolerance relaxed to achieve convergence from 5.8887829026033891e-03 to 5.8887829026033995e-03 seconds.
Warning: Simulation tolerance relaxed to achieve convergence from 5.8887829026043979e-03 to 5.8887829026044083e-03 seconds.
Warning: Simulation tolerance relaxed to achieve convergence from 5.8887829026046390e-03 to 5.8887829026046494e-03 seconds.
Warning: Simulation tolerance relaxed to achieve convergence from 5.8984015352226910e-03 to 5.8984015352227014e-03 seconds.
Warning: Simulation tolerance relaxed to achieve convergence from 5.9221013426067415e-03 to 5.9221013426067519e-03 seconds.
Warning: Simulation tolerance relaxed to achieve convergence from 5.9221013426069115e-03 to 5.9221013426069219e-03 seconds.
Warning: Simulation tolerance relaxed to achieve convergence from 5.9221013426071830e-03 to 5.9221013426071934e-03 seconds.
Warning: Simulation tolerance relaxed to achieve convergence from 5.9221013426071934e-03 to 5.9221013426072038e-03 seconds.
Warning: Simulation tolerance relaxed to achieve convergence from 5.9221013426072038e-03 to 5.9221013426072142e-03 seconds.
Warning: Simulation tolerance relaxed to achieve convergence from 5.9983577324409197e-03 to 5.9983577324409301e-03 seconds.
Warning: Simulation tolerance relaxed to achieve convergence from 6.0150223036254053e-03 to 6.0150223036254157e-03 seconds.
Warning: Simulation tolerance relaxed to achieve convergence from 6.0150223036264956e-03 to 6.0150223036265060e-03 seconds.
Warning: Simulation tolerance relaxed to achieve convergence from 6.0150223036266760e-03 to 6.0150223036266864e-03 seconds.
Warning: Simulation tolerance relaxed to achieve convergence from 6.0150223036283951e-03 to 6.0150223036284055e-03 seconds.
Warning: Simulation tolerance relaxed to achieve convergence from 6.0553831754065809e-03 to 6.0553831754065913e-03 seconds.
Warning: Simulation tolerance relaxed to achieve convergence from 6.0553831754065913e-03 to 6.0553831754066017e-03 seconds.
Warning: Simulation tolerance relaxed to achieve convergence from 6.0553831754068532e-03 to 6.0553831754068636e-03 seconds.
Warning: Simulation tolerance relaxed to achieve convergence from 6.0553831921254858e-03 to 6.0553831921254962e-03 seconds.
Warning: Simulation tolerance relaxed to achieve convergence from 6.0553831921255161e-03 to 6.0553831921255265e-03 seconds.
Warning: Simulation tolerance relaxed to achieve convergence from 6.0553831921255370e-03 to 6.0553831921255474e-03 seconds.
Warning: Simulation tolerance relaxed to achieve convergence from 6.0553831921255673e-03 to 6.0553831921255777e-03 seconds.
Warning: Simulation tolerance relaxed to achieve convergence from 6.0553831921255881e-03 to 6.0553831921255985e-03 seconds.
Warning: Simulation tolerance relaxed to achieve convergence from 6.0553831921271182e-03 to 6.0553831921271286e-03 seconds.
Warning: Simulation tolerance relaxed to achieve convergence from 6.0553831921271286e-03 to 6.0553831921271390e-03 seconds.
Warning: Simulation tolerance relaxed to achieve convergence from 6.0553831921271390e-03 to 6.0553831921271494e-03 seconds.
Warning: Simulation tolerance relaxed to achieve convergence from 6.0553831921271494e-03 to 6.0553831921271598e-03 seconds.
Warning: Simulation tolerance relaxed to achieve convergence from 6.0553831921271806e-03 to 6.0553831921271910e-03 seconds.
Warning: Simulation tolerance relaxed to achieve convergence from 6.0553831921271910e-03 to 6.0553831921272014e-03 seconds.
Warning: Simulation tolerance relaxed to achieve convergence from 6.0553831921272014e-03 to 6.0553831921272118e-03 seconds.
Warning: Simulation tolerance relaxed to achieve convergence from 6.0553831921297714e-03 to 6.0553831921297818e-03 seconds.
Warning: Simulation tolerance relaxed to achieve convergence from 6.0553831921297818e-03 to 6.0553831921297922e-03 seconds.
Warning: Simulation tolerance relaxed to achieve convergence from 6.0553831921297922e-03 to 6.0553831921298026e-03 seconds.
Warning: Simulation tolerance relaxed to achieve convergence from 6.0553831921299137e-03 to 6.0553831921299241e-03 seconds.
Warning: Simulation tolerance relaxed to achieve convergence from 6.0553831921299648e-03 to 6.0553831921299752e-03 seconds.
Warning: Simulation tolerance relaxed to achieve convergence from 6.0553831921300958e-03 to 6.0553831921301062e-03 seconds.
Warning: Simulation tolerance relaxed to achieve convergence from 6.0553831921301366e-03 to 6.0553831921301470e-03 seconds.
Warning: Simulation tolerance relaxed to achieve convergence from 6.0553831921301669e-03 to 6.0553831921301773e-03 seconds.
Warning: Simulation tolerance relaxed to achieve convergence from 6.1053626683477110e-03 to 6.1053626683477214e-03 seconds.
Warning: Simulation tolerance relaxed to achieve convergence from 6.1053626683477214e-03 to 6.1053626683477318e-03 seconds.
Warning: Simulation tolerance relaxed to achieve convergence from 6.1553432352081426e-03 to 6.1553432352081531e-03 seconds.
Warning: Simulation tolerance relaxed to achieve convergence from 6.1816192999138578e-03 to 6.1816192999138682e-03 seconds.
Warning: Simulation tolerance relaxed to achieve convergence from 6.1886631092970719e-03 to 6.1886631092970823e-03 seconds.
Warning: Simulation tolerance relaxed to achieve convergence from 6.2053232668509766e-03 to 6.2053232668509871e-03 seconds.
Warning: Simulation tolerance relaxed to achieve convergence from 6.2053232668510469e-03 to 6.2053232668510573e-03 seconds.
Warning: Simulation tolerance relaxed to achieve convergence from 6.2053232668511380e-03 to 6.2053232668511484e-03 seconds.
Warning: Simulation tolerance relaxed to achieve convergence from 6.2482605225807966e-03 to 6.2482605225808070e-03 seconds.
Warning: Simulation tolerance relaxed to achieve convergence from 6.2482605225808669e-03 to 6.2482605225808773e-03 seconds.
Warning: Simulation tolerance relaxed to achieve convergence from 6.2482605225810785e-03 to 6.2482605225810889e-03 seconds.
Warning: Simulation tolerance relaxed to achieve convergence from 6.2482605225811488e-03 to 6.2482605225811592e-03 seconds.
Warning: Simulation tolerance relaxed to achieve convergence from 6.2482605225811592e-03 to 6.2482605225811696e-03 seconds.
Warning: Simulation tolerance relaxed to achieve convergence from 6.2482605225811696e-03 to 6.2482605225811800e-03 seconds.
Warning: Simulation tolerance relaxed to achieve convergence from 6.2482605225813101e-03 to 6.2482605225813205e-03 seconds.
Warning: Simulation tolerance relaxed to achieve convergence from 6.2482605225813405e-03 to 6.2482605225813509e-03 seconds.
Warning: Simulation tolerance relaxed to achieve convergence from 6.2482605225814411e-03 to 6.2482605225814515e-03 seconds.
Warning: Simulation tolerance relaxed to achieve convergence from 6.2482605225828609e-03 to 6.2482605225828713e-03 seconds.
Warning: Simulation tolerance relaxed to achieve convergence from 6.2482605225832521e-03 to 6.2482605225832625e-03 seconds.
Warning: Simulation tolerance relaxed to achieve convergence from 6.2482605225836945e-03 to 6.2482605225837049e-03 seconds.
Warning: Simulation tolerance relaxed to achieve convergence from 6.2552991556731122e-03 to 6.2552991556731226e-03 seconds.
Warning: Simulation tolerance relaxed to achieve convergence from 6.2552991556731529e-03 to 6.2552991556731634e-03 seconds.
Warning: Simulation tolerance relaxed to achieve convergence from 6.2552991556731634e-03 to 6.2552991556731738e-03 seconds.
Warning: Simulation tolerance relaxed to achieve convergence from 6.2552991556731937e-03 to 6.2552991556732041e-03 seconds.
Warning: Simulation tolerance relaxed to achieve convergence from 6.2552991568804806e-03 to 6.2552991568804910e-03 seconds.
Warning: Simulation tolerance relaxed to achieve convergence from 6.2552991568805014e-03 to 6.2552991568805118e-03 seconds.
Warning: Simulation tolerance relaxed to achieve convergence from 6.2552991568805118e-03 to 6.2552991568805222e-03 seconds.
Warning: Simulation tolerance relaxed to achieve convergence from 6.2552991568805222e-03 to 6.2552991568805326e-03 seconds.
Warning: Simulation tolerance relaxed to achieve convergence from 6.2649220433902749e-03 to 6.2649220433902853e-03 seconds.
Warning: Simulation tolerance relaxed to achieve convergence from 6.2649220433903556e-03 to 6.2649220433903660e-03 seconds.
Warning: Simulation tolerance relaxed to achieve convergence from 6.2649220434016139e-03 to 6.2649220434016243e-03 seconds.
Warning: Simulation tolerance relaxed to achieve convergence from 6.2649220434022150e-03 to 6.2649220434022254e-03 seconds.
Warning: Simulation tolerance relaxed to achieve convergence from 6.2649220434024171e-03 to 6.2649220434024275e-03 seconds.
Warning: Simulation tolerance relaxed to achieve convergence from 6.2719610661999461e-03 to 6.2719610661999565e-03 seconds.
Warning: Simulation tolerance relaxed to achieve convergence from 6.2719610662001664e-03 to 6.2719610662001768e-03 seconds.
Warning: Simulation tolerance relaxed to achieve convergence from 6.2719610662001967e-03 to 6.2719610662002072e-03 seconds.
Warning: Simulation tolerance relaxed to achieve convergence from 6.2719610662007562e-03 to 6.2719610662007666e-03 seconds.
Warning: Simulation tolerance relaxed to achieve convergence from 6.2719610662008369e-03 to 6.2719610662008473e-03 seconds.
Warning: Simulation tolerance relaxed to achieve convergence from 6.2719610662008473e-03 to 6.2719610662008577e-03 seconds.
Warning: Simulation tolerance relaxed to achieve convergence from 6.2719610662008577e-03 to 6.2719610662008681e-03 seconds.
Warning: Simulation tolerance relaxed to achieve convergence from 6.2886220903521847e-03 to 6.2886220903521951e-03 seconds.
Warning: Simulation tolerance relaxed to achieve convergence from 6.2886220903523252e-03 to 6.2886220903523356e-03 seconds.
Warning: Simulation tolerance relaxed to achieve convergence from 6.2886220903523356e-03 to 6.2886220903523461e-03 seconds.
Warning: Simulation tolerance relaxed to achieve convergence from 6.2982385568257134e-03 to 6.2982385568257238e-03 seconds.
Warning: Simulation tolerance relaxed to achieve convergence from 6.2982385568257837e-03 to 6.2982385568257941e-03 seconds.
Warning: Simulation tolerance relaxed to achieve convergence from 6.2982385570135623e-03 to 6.2982385570135727e-03 seconds.
Warning: Simulation tolerance relaxed to achieve convergence from 6.2982385570137852e-03 to 6.2982385570137956e-03 seconds.
Warning: Simulation tolerance relaxed to achieve convergence from 6.2982385570138156e-03 to 6.2982385570138260e-03 seconds.
Warning: Simulation tolerance relaxed to achieve convergence from 6.3052801535752106e-03 to 6.3052801535752210e-03 seconds.
Warning: Simulation tolerance relaxed to achieve convergence from 6.3052801535753017e-03 to 6.3052801535753121e-03 seconds.
Warning: Simulation tolerance relaxed to achieve convergence from 6.3052801535753121e-03 to 6.3052801535753225e-03 seconds.
Warning: Simulation tolerance relaxed to achieve convergence from 6.3052801535753225e-03 to 6.3052801535753329e-03 seconds.
Warning: Simulation tolerance relaxed to achieve convergence from 6.3052801535754630e-03 to 6.3052801535754734e-03 seconds.
Warning: Simulation tolerance relaxed to achieve convergence from 6.3052801537486968e-03 to 6.3052801537487073e-03 seconds.
Warning: Simulation tolerance relaxed to achieve convergence from 6.3052801537487177e-03 to 6.3052801537487281e-03 seconds.
Warning: Simulation tolerance relaxed to achieve convergence from 6.3052801537487385e-03 to 6.3052801537487489e-03 seconds.
Warning: Simulation tolerance relaxed to achieve convergence from 6.3052801537487489e-03 to 6.3052801537487593e-03 seconds.
Warning: Simulation tolerance relaxed to achieve convergence from 6.3052801537487593e-03 to 6.3052801537487697e-03 seconds.
Warning: Simulation tolerance relaxed to achieve convergence from 6.3052801537487697e-03 to 6.3052801537487801e-03 seconds.
Warning: Simulation tolerance relaxed to achieve convergence from 6.3052801537487905e-03 to 6.3052801537488009e-03 seconds.
Warning: Simulation tolerance relaxed to achieve convergence from 6.3052801537488608e-03 to 6.3052801537488712e-03 seconds.
Warning: Simulation tolerance relaxed to achieve convergence from 6.3052801537489310e-03 to 6.3052801537489414e-03 seconds.
Warning: Simulation tolerance relaxed to achieve convergence from 6.3052801537489614e-03 to 6.3052801537489718e-03 seconds.
Warning: Simulation tolerance relaxed to achieve convergence from 6.3648814208147608e-03 to 6.3648814208147712e-03 seconds.
Warning: Simulation tolerance relaxed to achieve convergence from 6.3648814208148311e-03 to 6.3648814208148415e-03 seconds.
Warning: Simulation tolerance relaxed to achieve convergence from 6.3648814208148415e-03 to 6.3648814208148519e-03 seconds.
Warning: Simulation tolerance relaxed to achieve convergence from 6.3648814208155016e-03 to 6.3648814208155120e-03 seconds.
Warning: Simulation tolerance relaxed to achieve convergence from 6.3648814208156438e-03 to 6.3648814208156542e-03 seconds.
Warning: Simulation tolerance relaxed to achieve convergence from 6.3648814208156542e-03 to 6.3648814208156646e-03 seconds.
Warning: Simulation tolerance relaxed to achieve convergence from 6.4219007805847760e-03 to 6.4219007805847864e-03 seconds.
Warning: Simulation tolerance relaxed to achieve convergence from 6.4219007805848063e-03 to 6.4219007805848168e-03 seconds.
Warning: Simulation tolerance relaxed to achieve convergence from 6.4315225611180993e-03 to 6.4315225611181097e-03 seconds.
Warning: Simulation tolerance relaxed to achieve convergence from 6.4315225611181297e-03 to 6.4315225611181401e-03 seconds.
Warning: Simulation tolerance relaxed to achieve convergence from 6.4385618493878107e-03 to 6.4385618493878211e-03 seconds.
Warning: Simulation tolerance relaxed to achieve convergence from 6.4648430190733632e-03 to 6.4648430190733736e-03 seconds.
Warning: Simulation tolerance relaxed to achieve convergence from 6.4648430190737335e-03 to 6.4648430190737440e-03 seconds.
Warning: Simulation tolerance relaxed to achieve convergence from 6.4648430190737440e-03 to 6.4648430190737544e-03 seconds.
Warning: Simulation tolerance relaxed to achieve convergence from 6.4718829519995417e-03 to 6.4718829519995521e-03 seconds.
Warning: Simulation tolerance relaxed to achieve convergence from 6.4718829519995929e-03 to 6.4718829519996033e-03 seconds.
Warning: Simulation tolerance relaxed to achieve convergence from 6.4718829519996033e-03 to 6.4718829519996137e-03 seconds.
Warning: Simulation tolerance relaxed to achieve convergence from 6.4885409230147403e-03 to 6.4885409230147507e-03 seconds.
Warning: Simulation tolerance relaxed to achieve convergence from 6.4885409230162608e-03 to 6.4885409230162712e-03 seconds.
Warning: Simulation tolerance relaxed to achieve convergence from 6.4885409230163414e-03 to 6.4885409230163518e-03 seconds.
Warning: Simulation tolerance relaxed to achieve convergence from 6.4885409230163518e-03 to 6.4885409230163622e-03 seconds.
Warning: Simulation tolerance relaxed to achieve convergence from 6.5148199656106121e-03 to 6.5148199656106225e-03 seconds.
Warning: Simulation tolerance relaxed to achieve convergence from 6.5314782063287885e-03 to 6.5314782063287989e-03 seconds.
Warning: Simulation tolerance relaxed to achieve convergence from 6.5385190791035904e-03 to 6.5385190791036009e-03 seconds.
Warning: Simulation tolerance relaxed to achieve convergence from 6.5385190791036711e-03 to 6.5385190791036815e-03 seconds.
Warning: Simulation tolerance relaxed to achieve convergence from 6.5718409703087489e-03 to 6.5718409703087594e-03 seconds.
Warning: Simulation tolerance relaxed to achieve convergence from 6.5718409703088192e-03 to 6.5718409703088296e-03 seconds.
Warning: Simulation tolerance relaxed to achieve convergence from 6.5718409703088895e-03 to 6.5718409703088999e-03 seconds.
Warning: Simulation tolerance relaxed to achieve convergence from 6.5718409703088999e-03 to 6.5718409703089103e-03 seconds.
Warning: Simulation tolerance relaxed to achieve convergence from 6.5718409703089701e-03 to 6.5718409703089805e-03 seconds.
Warning: Simulation tolerance relaxed to achieve convergence from 6.5885029571980608e-03 to 6.5885029571980712e-03 seconds.
Warning: Simulation tolerance relaxed to achieve convergence from 6.5885029571981311e-03 to 6.5885029571981415e-03 seconds.
Warning: Simulation tolerance relaxed to achieve convergence from 6.5885029571983019e-03 to 6.5885029571983124e-03 seconds.
Warning: Simulation tolerance relaxed to achieve convergence from 6.5885029571983124e-03 to 6.5885029571983228e-03 seconds.
Warning: Simulation tolerance relaxed to achieve convergence from 6.5885029730418610e-03 to 6.5885029730418715e-03 seconds.
Warning: Simulation tolerance relaxed to achieve convergence from 6.6051609044041034e-03 to 6.6051609044041138e-03 seconds.
Warning: Simulation tolerance relaxed to achieve convergence from 6.6051609210264544e-03 to 6.6051609210264648e-03 seconds.
Warning: Simulation tolerance relaxed to achieve convergence from 6.6051609210264648e-03 to 6.6051609210264753e-03 seconds.
Warning: Simulation tolerance relaxed to achieve convergence from 6.6051609210264753e-03 to 6.6051609210264857e-03 seconds.
Warning: Simulation tolerance relaxed to achieve convergence from 6.6051609210264857e-03 to 6.6051609210264961e-03 seconds.
Warning: Simulation tolerance relaxed to achieve convergence from 6.6051609210265264e-03 to 6.6051609210265368e-03 seconds.
Warning: Simulation tolerance relaxed to achieve convergence from 6.6051609210265967e-03 to 6.6051609210266071e-03 seconds.
Warning: Simulation tolerance relaxed to achieve convergence from 6.6051609210411163e-03 to 6.6051609210411267e-03 seconds.
Warning: Simulation tolerance relaxed to achieve convergence from 6.6051609210411467e-03 to 6.6051609210411571e-03 seconds.
Warning: Simulation tolerance relaxed to achieve convergence from 6.6051609210413288e-03 to 6.6051609210413392e-03 seconds.
Warning: Simulation tolerance relaxed to achieve convergence from 6.6051609210414407e-03 to 6.6051609210414511e-03 seconds.
Warning: Simulation tolerance relaxed to achieve convergence from 6.6384816584448983e-03 to 6.6384816584449087e-03 seconds.
Warning: Simulation tolerance relaxed to achieve convergence from 6.6384816584449087e-03 to 6.6384816584449191e-03 seconds.
Warning: Simulation tolerance relaxed to achieve convergence from 6.6384816584449191e-03 to 6.6384816584449296e-03 seconds.
Warning: Simulation tolerance relaxed to achieve convergence from 6.6884634314217390e-03 to 6.6884634314217494e-03 seconds.
Warning: Simulation tolerance relaxed to achieve convergence from 6.6884634314218093e-03 to 6.6884634314218197e-03 seconds.
Warning: Simulation tolerance relaxed to achieve convergence from 6.6884634314221900e-03 to 6.6884634314222004e-03 seconds.
Warning: Simulation tolerance relaxed to achieve convergence from 6.6884634314222004e-03 to 6.6884634314222109e-03 seconds.
Warning: Simulation tolerance relaxed to achieve convergence from 6.6884634314222109e-03 to 6.6884634314222213e-03 seconds.
Warning: Simulation tolerance relaxed to achieve convergence from 6.6884634314222716e-03 to 6.6884634314222820e-03 seconds.
Warning: Simulation tolerance relaxed to achieve convergence from 6.6884634314222924e-03 to 6.6884634314223028e-03 seconds.
Warning: Simulation tolerance relaxed to achieve convergence from 6.6884634314223227e-03 to 6.6884634314223331e-03 seconds.
Warning: Simulation tolerance relaxed to achieve convergence from 6.7051221647001441e-03 to 6.7051221647001545e-03 seconds.
Warning: Simulation tolerance relaxed to achieve convergence from 6.7051221647010835e-03 to 6.7051221647010939e-03 seconds.
Warning: Simulation tolerance relaxed to achieve convergence from 6.7051221647011850e-03 to 6.7051221647011954e-03 seconds.
Warning: Simulation tolerance relaxed to achieve convergence from 6.7051221647028338e-03 to 6.7051221647028442e-03 seconds.
Warning: Simulation tolerance relaxed to achieve convergence from 6.7314005886564944e-03 to 6.7314005886565048e-03 seconds.
Warning: Simulation tolerance relaxed to achieve convergence from 6.7314005886572438e-03 to 6.7314005886572542e-03 seconds.
Warning: Simulation tolerance relaxed to achieve convergence from 6.7314005886572542e-03 to 6.7314005886572647e-03 seconds.
Warning: Simulation tolerance relaxed to achieve convergence from 6.7314005886573349e-03 to 6.7314005886573453e-03 seconds.
Warning: Simulation tolerance relaxed to achieve convergence from 6.7314005886604349e-03 to 6.7314005886604453e-03 seconds.
Warning: Simulation tolerance relaxed to achieve convergence from 6.7384433514135504e-03 to 6.7384433514135608e-03 seconds.
Warning: Simulation tolerance relaxed to achieve convergence from 6.7384433514136215e-03 to 6.7384433514136319e-03 seconds.
Warning: Simulation tolerance relaxed to achieve convergence from 6.7551016194602256e-03 to 6.7551016194602360e-03 seconds.
Warning: Simulation tolerance relaxed to achieve convergence from 6.7551016194604763e-03 to 6.7551016194604867e-03 seconds.
Warning: Simulation tolerance relaxed to achieve convergence from 6.7551016194606862e-03 to 6.7551016194606966e-03 seconds.
Warning: Simulation tolerance relaxed to achieve convergence from 6.7551016197784251e-03 to 6.7551016197784355e-03 seconds.
Warning: Simulation tolerance relaxed to achieve convergence from 6.7551016197788067e-03 to 6.7551016197788171e-03 seconds.
Warning: Simulation tolerance relaxed to achieve convergence from 6.7551016197788171e-03 to 6.7551016197788276e-03 seconds.
Warning: Simulation tolerance relaxed to achieve convergence from 6.7551016197788475e-03 to 6.7551016197788579e-03 seconds.
Warning: Simulation tolerance relaxed to achieve convergence from 6.7551016197789178e-03 to 6.7551016197789282e-03 seconds.
Warning: Simulation tolerance relaxed to achieve convergence from 6.7551016197895169e-03 to 6.7551016197895273e-03 seconds.
Warning: Simulation tolerance relaxed to achieve convergence from 6.7717627124648794e-03 to 6.7717627124648898e-03 seconds.
Warning: Simulation tolerance relaxed to achieve convergence from 6.7717627124649097e-03 to 6.7717627124649201e-03 seconds.
Warning: Simulation tolerance relaxed to achieve convergence from 6.7717627124649201e-03 to 6.7717627124649305e-03 seconds.
Warning: Simulation tolerance relaxed to achieve convergence from 6.7717627124649505e-03 to 6.7717627124649609e-03 seconds.
Warning: Simulation tolerance relaxed to achieve convergence from 6.7717627124649809e-03 to 6.7717627124649913e-03 seconds.
Warning: Simulation tolerance relaxed to achieve convergence from 6.7717627124651309e-03 to 6.7717627124651413e-03 seconds.
Warning: Simulation tolerance relaxed to achieve convergence from 6.7717627124652020e-03 to 6.7717627124652124e-03 seconds.
Warning: Simulation tolerance relaxed to achieve convergence from 6.7884231906123896e-03 to 6.7884231906124000e-03 seconds.
Warning: Simulation tolerance relaxed to achieve convergence from 6.8217423372035927e-03 to 6.8217423372036031e-03 seconds.
Warning: Simulation tolerance relaxed to achieve convergence from 6.8217423372036031e-03 to 6.8217423372036136e-03 seconds.
Warning: Simulation tolerance relaxed to achieve convergence from 6.8217423372036335e-03 to 6.8217423372036439e-03 seconds.
Warning: Simulation tolerance relaxed to achieve convergence from 6.8217423372138042e-03 to 6.8217423372138146e-03 seconds.
Warning: Simulation tolerance relaxed to achieve convergence from 6.8217423372138753e-03 to 6.8217423372138857e-03 seconds.
Warning: Simulation tolerance relaxed to achieve convergence from 6.8313617774157474e-03 to 6.8313617774157578e-03 seconds.
Warning: Simulation tolerance relaxed to achieve convergence from 6.8550632048687936e-03 to 6.8550632048688040e-03 seconds.
Warning: Simulation tolerance relaxed to achieve convergence from 6.9050436927698905e-03 to 6.9050436927699009e-03 seconds.
Warning: Simulation tolerance relaxed to achieve convergence from 6.9050436927700120e-03 to 6.9050436927700224e-03 seconds.
Warning: Simulation tolerance relaxed to achieve convergence from 6.9050436927718031e-03 to 6.9050436927718135e-03 seconds.
Warning: Simulation tolerance relaxed to achieve convergence from 6.9050436927721639e-03 to 6.9050436927721743e-03 seconds.
Warning: Simulation tolerance relaxed to achieve convergence from 6.9050436927721951e-03 to 6.9050436927722055e-03 seconds.
Warning: Simulation tolerance relaxed to achieve convergence from 6.9050436927725048e-03 to 6.9050436927725152e-03 seconds.
Warning: Simulation tolerance relaxed to achieve convergence from 6.9050436927728751e-03 to 6.9050436927728855e-03 seconds.
Warning: Simulation tolerance relaxed to achieve convergence from 6.9050436927730555e-03 to 6.9050436927730659e-03 seconds.
Warning: Simulation tolerance relaxed to achieve convergence from 6.9050436927730659e-03 to 6.9050436927730763e-03 seconds.
Warning: Simulation tolerance relaxed to achieve convergence from 6.9050436927731466e-03 to 6.9050436927731570e-03 seconds.
Warning: Simulation tolerance relaxed to achieve convergence from 6.9050436927732169e-03 to 6.9050436927732273e-03 seconds.
Warning: Simulation tolerance relaxed to achieve convergence from 6.9050436927739463e-03 to 6.9050436927739567e-03 seconds.
Warning: Simulation tolerance relaxed to achieve convergence from 6.9050436927741267e-03 to 6.9050436927741371e-03 seconds.
Warning: Simulation tolerance relaxed to achieve convergence from 6.9050436927741571e-03 to 6.9050436927741675e-03 seconds.
Warning: Simulation tolerance relaxed to achieve convergence from 6.9050436927741675e-03 to 6.9050436927741779e-03 seconds.
Warning: Simulation tolerance relaxed to achieve convergence from 6.9050436927741978e-03 to 6.9050436927742083e-03 seconds.
Warning: Simulation tolerance relaxed to achieve convergence from 6.9050436932885434e-03 to 6.9050436932885538e-03 seconds.
Warning: Simulation tolerance relaxed to achieve convergence from 6.9050436932899042e-03 to 6.9050436932899147e-03 seconds.
Warning: Simulation tolerance relaxed to achieve convergence from 6.9050436932899147e-03 to 6.9050436932899251e-03 seconds.
Warning: Simulation tolerance relaxed to achieve convergence from 6.9146600343145213e-03 to 6.9146600343145317e-03 seconds.
Warning: Simulation tolerance relaxed to achieve convergence from 6.9146600343145924e-03 to 6.9146600343146028e-03 seconds.
Warning: Simulation tolerance relaxed to achieve convergence from 6.9146600343146227e-03 to 6.9146600343146332e-03 seconds.
Warning: Simulation tolerance relaxed to achieve convergence from 6.9146600350064079e-03 to 6.9146600350064183e-03 seconds.
Warning: Simulation tolerance relaxed to achieve convergence from 6.9146600350064782e-03 to 6.9146600350064886e-03 seconds.
Warning: Simulation tolerance relaxed to achieve convergence from 6.9146600350064990e-03 to 6.9146600350065094e-03 seconds.
Warning: Simulation tolerance relaxed to achieve convergence from 6.9217026879884527e-03 to 6.9217026879884631e-03 seconds.
Warning: Simulation tolerance relaxed to achieve convergence from 6.9217026879886227e-03 to 6.9217026879886331e-03 seconds.
Warning: Simulation tolerance relaxed to achieve convergence from 6.9217026879886331e-03 to 6.9217026879886435e-03 seconds.
Warning: Simulation tolerance relaxed to achieve convergence from 6.9217026879886435e-03 to 6.9217026879886540e-03 seconds.
Warning: Simulation tolerance relaxed to achieve convergence from 6.9217026879895343e-03 to 6.9217026879895447e-03 seconds.
Warning: Simulation tolerance relaxed to achieve convergence from 6.9217026879950438e-03 to 6.9217026879950542e-03 seconds.
Warning: Simulation tolerance relaxed to achieve convergence from 6.9217026879954038e-03 to 6.9217026879954142e-03 seconds.
Warning: Simulation tolerance relaxed to achieve convergence from 6.9217026887490709e-03 to 6.9217026887490813e-03 seconds.
Warning: Simulation tolerance relaxed to achieve convergence from 6.9217026887491515e-03 to 6.9217026887491619e-03 seconds.
Warning: Simulation tolerance relaxed to achieve convergence from 6.9217026887491923e-03 to 6.9217026887492027e-03 seconds.
Warning: Simulation tolerance relaxed to achieve convergence from 6.9217026887498211e-03 to 6.9217026887498315e-03 seconds.
Warning: Simulation tolerance relaxed to achieve convergence from 6.9217026887519592e-03 to 6.9217026887519696e-03 seconds.
Warning: Simulation tolerance relaxed to achieve convergence from 6.9217026887521196e-03 to 6.9217026887521300e-03 seconds.
Warning: Simulation tolerance relaxed to achieve convergence from 6.9217026887521804e-03 to 6.9217026887521908e-03 seconds.
Warning: Simulation tolerance relaxed to achieve convergence from 6.9217026887522107e-03 to 6.9217026887522211e-03 seconds.
Warning: Simulation tolerance relaxed to achieve convergence from 6.9217026887522211e-03 to 6.9217026887522315e-03 seconds.
Warning: Simulation tolerance relaxed to achieve convergence from 6.9217026887522419e-03 to 6.9217026887522523e-03 seconds.
Warning: Simulation tolerance relaxed to achieve convergence from 6.9217026887523122e-03 to 6.9217026887523226e-03 seconds.
Warning: Simulation tolerance relaxed to achieve convergence from 6.9217026888716430e-03 to 6.9217026888716534e-03 seconds.
Warning: Simulation tolerance relaxed to achieve convergence from 6.9217026888716534e-03 to 6.9217026888716638e-03 seconds.
Warning: Simulation tolerance relaxed to achieve convergence from 6.9383629554353940e-03 to 6.9383629554354044e-03 seconds.
Warning: Simulation tolerance relaxed to achieve convergence from 7.0549830069532461e-03 to 7.0549830069532565e-03 seconds.
Warning: Simulation tolerance relaxed to achieve convergence from 7.0549830069535175e-03 to 7.0549830069535279e-03 seconds.
Warning: Simulation tolerance relaxed to achieve convergence from 7.0549830069535783e-03 to 7.0549830069535887e-03 seconds.
Warning: Simulation tolerance relaxed to achieve convergence from 7.0549830069535887e-03 to 7.0549830069535991e-03 seconds.
Warning: Simulation tolerance relaxed to achieve convergence from 7.0549830069535991e-03 to 7.0549830069536095e-03 seconds.
Warning: Simulation tolerance relaxed to achieve convergence from 7.0549830069536294e-03 to 7.0549830069536398e-03 seconds.
Warning: Simulation tolerance relaxed to achieve convergence from 7.0549830069536398e-03 to 7.0549830069536502e-03 seconds.
Warning: Simulation tolerance relaxed to achieve convergence from 7.0549830069536502e-03 to 7.0549830069536607e-03 seconds.
Warning: Simulation tolerance relaxed to achieve convergence from 7.0549830069536607e-03 to 7.0549830069536711e-03 seconds.
Warning: Simulation tolerance relaxed to achieve convergence from 7.0549830083638434e-03 to 7.0549830083638538e-03 seconds.
Warning: Simulation tolerance relaxed to achieve convergence from 7.0549830083641348e-03 to 7.0549830083641452e-03 seconds.
Warning: Simulation tolerance relaxed to achieve convergence from 7.0549830083644367e-03 to 7.0549830083644471e-03 seconds.
Warning: Simulation tolerance relaxed to achieve convergence from 7.0646030142502104e-03 to 7.0646030142502208e-03 seconds.
Warning: Simulation tolerance relaxed to achieve convergence from 7.0646030142503804e-03 to 7.0646030142503908e-03 seconds.
Warning: Simulation tolerance relaxed to achieve convergence from 7.1382827900984729e-03 to 7.1382827900984833e-03 seconds.
Warning: Simulation tolerance relaxed to achieve convergence from 7.1382827900985640e-03 to 7.1382827900985744e-03 seconds.
Warning: Simulation tolerance relaxed to achieve convergence from 7.1382827900985943e-03 to 7.1382827900986047e-03 seconds.
Warning: Simulation tolerance relaxed to achieve convergence from 7.1382827900999535e-03 to 7.1382827900999639e-03 seconds.
Warning: Simulation tolerance relaxed to achieve convergence from 7.1382827900999639e-03 to 7.1382827900999743e-03 seconds.
Warning: Simulation tolerance relaxed to achieve convergence from 7.1382827901000047e-03 to 7.1382827901000151e-03 seconds.
Warning: Simulation tolerance relaxed to achieve convergence from 7.1382827901168757e-03 to 7.1382827901168861e-03 seconds.
Warning: Simulation tolerance relaxed to achieve convergence from 7.1549415085930459e-03 to 7.1549415085930563e-03 seconds.
Warning: Simulation tolerance relaxed to achieve convergence from 7.1549415085930866e-03 to 7.1549415085930971e-03 seconds.
Warning: Simulation tolerance relaxed to achieve convergence from 7.1549415085930971e-03 to 7.1549415085931075e-03 seconds.
Warning: Simulation tolerance relaxed to achieve convergence from 7.1549415085931179e-03 to 7.1549415085931283e-03 seconds.
Warning: Simulation tolerance relaxed to achieve convergence from 7.1549415085950781e-03 to 7.1549415085950885e-03 seconds.
Warning: Simulation tolerance relaxed to achieve convergence from 7.1549415085954580e-03 to 7.1549415085954684e-03 seconds.
Warning: Simulation tolerance relaxed to achieve convergence from 7.1549415085954788e-03 to 7.1549415085954892e-03 seconds.
Warning: Simulation tolerance relaxed to achieve convergence from 7.1549415085956497e-03 to 7.1549415085956601e-03 seconds.
Warning: Simulation tolerance relaxed to achieve convergence from 7.1549415085956705e-03 to 7.1549415085956809e-03 seconds.
Warning: Simulation tolerance relaxed to achieve convergence from 7.1549415085956809e-03 to 7.1549415085956913e-03 seconds.
Warning: Simulation tolerance relaxed to achieve convergence from 7.1549415085956913e-03 to 7.1549415085957017e-03 seconds.
Warning: Simulation tolerance relaxed to achieve convergence from 7.1549415085957017e-03 to 7.1549415085957122e-03 seconds.
Warning: Simulation tolerance relaxed to achieve convergence from 7.1549415085957321e-03 to 7.1549415085957425e-03 seconds.
Warning: Simulation tolerance relaxed to achieve convergence from 7.1716030162210804e-03 to 7.1716030162210908e-03 seconds.
Warning: Simulation tolerance relaxed to achieve convergence from 7.1716030162210908e-03 to 7.1716030162211012e-03 seconds.
Warning: Simulation tolerance relaxed to achieve convergence from 7.1716030162211012e-03 to 7.1716030162211116e-03 seconds.
Warning: Simulation tolerance relaxed to achieve convergence from 7.1716030162211316e-03 to 7.1716030162211420e-03 seconds.
Warning: Simulation tolerance relaxed to achieve convergence from 7.1716030162211524e-03 to 7.1716030162211628e-03 seconds.
Warning: Simulation tolerance relaxed to achieve convergence from 7.1716030162211628e-03 to 7.1716030162211732e-03 seconds.
Warning: Simulation tolerance relaxed to achieve convergence from 7.1716030162212435e-03 to 7.1716030162212539e-03 seconds.
Warning: Simulation tolerance relaxed to achieve convergence from 7.1716030162212738e-03 to 7.1716030162212842e-03 seconds.
Warning: Simulation tolerance relaxed to achieve convergence from 7.1716030162213441e-03 to 7.1716030162213545e-03 seconds.
Warning: Simulation tolerance relaxed to achieve convergence from 7.1716030162213545e-03 to 7.1716030162213649e-03 seconds.
Warning: Simulation tolerance relaxed to achieve convergence from 7.1716030162214161e-03 to 7.1716030162214265e-03 seconds.
Warning: Simulation tolerance relaxed to achieve convergence from 7.1716030162214863e-03 to 7.1716030162214967e-03 seconds.
Warning: Simulation tolerance relaxed to achieve convergence from 7.1716030162215071e-03 to 7.1716030162215175e-03 seconds.
Warning: Simulation tolerance relaxed to achieve convergence from 7.1716030162215175e-03 to 7.1716030162215279e-03 seconds.
Warning: Simulation tolerance relaxed to achieve convergence from 7.1716030162215982e-03 to 7.1716030162216086e-03 seconds.
Warning: Simulation tolerance relaxed to achieve convergence from 7.1716030162219477e-03 to 7.1716030162219582e-03 seconds.
Warning: Simulation tolerance relaxed to achieve convergence from 7.1716030162233980e-03 to 7.1716030162234084e-03 seconds.
Warning: Simulation tolerance relaxed to achieve convergence from 7.1716030162234283e-03 to 7.1716030162234387e-03 seconds.
Warning: Simulation tolerance relaxed to achieve convergence from 7.1716030162240684e-03 to 7.1716030162240789e-03 seconds.
Warning: Simulation tolerance relaxed to achieve convergence from 7.1716030162242298e-03 to 7.1716030162242402e-03 seconds.
Warning: Simulation tolerance relaxed to achieve convergence from 7.1716030162242402e-03 to 7.1716030162242506e-03 seconds.
Warning: Simulation tolerance relaxed to achieve convergence from 7.1716030162242506e-03 to 7.1716030162242610e-03 seconds.
Warning: Simulation tolerance relaxed to achieve convergence from 7.1716030162243217e-03 to 7.1716030162243321e-03 seconds.
Warning: Simulation tolerance relaxed to achieve convergence from 7.1716030162243521e-03 to 7.1716030162243625e-03 seconds.
Warning: Simulation tolerance relaxed to achieve convergence from 7.1716030162249818e-03 to 7.1716030162249922e-03 seconds.
Warning: Simulation tolerance relaxed to achieve convergence from 7.1716030162250425e-03 to 7.1716030162250529e-03 seconds.
Warning: Simulation tolerance relaxed to achieve convergence from 7.1716030162250729e-03 to 7.1716030162250833e-03 seconds.
Warning: Simulation tolerance relaxed to achieve convergence from 7.1716030162418025e-03 to 7.1716030162418129e-03 seconds.
Warning: Simulation tolerance relaxed to achieve convergence from 7.1716030162419040e-03 to 7.1716030162419144e-03 seconds.
Warning: Simulation tolerance relaxed to achieve convergence from 7.1716030162423334e-03 to 7.1716030162423438e-03 seconds.
Warning: Simulation tolerance relaxed to achieve convergence from 7.1716030162423542e-03 to 7.1716030162423646e-03 seconds.
Warning: Simulation tolerance relaxed to achieve convergence from 7.2145416695005640e-03 to 7.2145416695005744e-03 seconds.
Warning: Simulation tolerance relaxed to achieve convergence from 7.2312004435634812e-03 to 7.2312004435634916e-03 seconds.
Warning: Simulation tolerance relaxed to achieve convergence from 7.2312004435790512e-03 to 7.2312004435790616e-03 seconds.
Warning: Simulation tolerance relaxed to achieve convergence from 7.2882229913658475e-03 to 7.2882229913658579e-03 seconds.
Warning: Simulation tolerance relaxed to achieve convergence from 7.2882229913658579e-03 to 7.2882229913658683e-03 seconds.
Warning: Simulation tolerance relaxed to achieve convergence from 7.2882229913658683e-03 to 7.2882229913658787e-03 seconds.
Warning: Simulation tolerance relaxed to achieve convergence from 7.2882229913658787e-03 to 7.2882229913658891e-03 seconds.
Warning: Simulation tolerance relaxed to achieve convergence from 7.2882230075273667e-03 to 7.2882230075273771e-03 seconds.
Warning: Simulation tolerance relaxed to achieve convergence from 7.2882230075275870e-03 to 7.2882230075275974e-03 seconds.
Warning: Simulation tolerance relaxed to achieve convergence from 7.2882230075275974e-03 to 7.2882230075276078e-03 seconds.
Warning: Simulation tolerance relaxed to achieve convergence from 7.2882230075276885e-03 to 7.2882230075276989e-03 seconds.
Warning: Simulation tolerance relaxed to achieve convergence from 7.2882230075276989e-03 to 7.2882230075277093e-03 seconds.
Warning: Simulation tolerance relaxed to achieve convergence from 7.2882230075277093e-03 to 7.2882230075277197e-03 seconds.
Warning: Simulation tolerance relaxed to achieve convergence from 7.2882230075277197e-03 to 7.2882230075277301e-03 seconds.
Warning: Simulation tolerance relaxed to achieve convergence from 7.2882230075277301e-03 to 7.2882230075277405e-03 seconds.
Warning: Simulation tolerance relaxed to achieve convergence from 7.2882230075285315e-03 to 7.2882230075285419e-03 seconds.
Warning: Simulation tolerance relaxed to achieve convergence from 7.2882230075285419e-03 to 7.2882230075285524e-03 seconds.
Warning: Simulation tolerance relaxed to achieve convergence from 7.2882230075285827e-03 to 7.2882230075285931e-03 seconds.
Warning: Simulation tolerance relaxed to achieve convergence from 7.2882230075285931e-03 to 7.2882230075286035e-03 seconds.
Warning: Simulation tolerance relaxed to achieve convergence from 7.2882230075287041e-03 to 7.2882230075287146e-03 seconds.
Warning: Simulation tolerance relaxed to achieve convergence from 7.2882230075288048e-03 to 7.2882230075288152e-03 seconds.
Warning: Simulation tolerance relaxed to achieve convergence from 7.2882230075288455e-03 to 7.2882230075288559e-03 seconds.
Warning: Simulation tolerance relaxed to achieve convergence from 7.2882230075288863e-03 to 7.2882230075288967e-03 seconds.
Warning: Simulation tolerance relaxed to achieve convergence from 7.2882230075288967e-03 to 7.2882230075289071e-03 seconds.
Warning: Simulation tolerance relaxed to achieve convergence from 7.2882230075289583e-03 to 7.2882230075289687e-03 seconds.
Warning: Simulation tolerance relaxed to achieve convergence from 7.2882230075289791e-03 to 7.2882230075289895e-03 seconds.
Warning: Simulation tolerance relaxed to achieve convergence from 7.2882230075289895e-03 to 7.2882230075289999e-03 seconds.
Warning: Simulation tolerance relaxed to achieve convergence from 7.2882230075289999e-03 to 7.2882230075290103e-03 seconds.
Warning: Simulation tolerance relaxed to achieve convergence from 7.2882230075290103e-03 to 7.2882230075290207e-03 seconds.
Warning: Simulation tolerance relaxed to achieve convergence from 7.3382026302630087e-03 to 7.3382026302630191e-03 seconds.
Warning: Simulation tolerance relaxed to achieve convergence from 7.3382026302630191e-03 to 7.3382026302630295e-03 seconds.
Warning: Simulation tolerance relaxed to achieve convergence from 7.3382026302630295e-03 to 7.3382026302630399e-03 seconds.
Warning: Simulation tolerance relaxed to achieve convergence from 7.3548629541542289e-03 to 7.3548629541542393e-03 seconds.
Warning: Simulation tolerance relaxed to achieve convergence from 7.3644789376907435e-03 to 7.3644789376907539e-03 seconds.
Warning: Simulation tolerance relaxed to achieve convergence from 7.3644789376910149e-03 to 7.3644789376910253e-03 seconds.
Warning: Simulation tolerance relaxed to achieve convergence from 7.3715225688441395e-03 to 7.3715225688441499e-03 seconds.
Warning: Simulation tolerance relaxed to achieve convergence from 7.3715225688441499e-03 to 7.3715225688441603e-03 seconds.
Warning: Simulation tolerance relaxed to achieve convergence from 7.3715225688441603e-03 to 7.3715225688441707e-03 seconds.
Warning: Simulation tolerance relaxed to achieve convergence from 7.3715225688441906e-03 to 7.3715225688442011e-03 seconds.
Warning: Simulation tolerance relaxed to achieve convergence from 7.3715225688443606e-03 to 7.3715225688443711e-03 seconds.
Warning: Simulation tolerance relaxed to achieve convergence from 7.3811408041726161e-03 to 7.3811408041726265e-03 seconds.
Warning: Simulation tolerance relaxed to achieve convergence from 7.3811408042433052e-03 to 7.3811408042433156e-03 seconds.
Warning: Simulation tolerance relaxed to achieve convergence from 7.4144612997607984e-03 to 7.4144612997608089e-03 seconds.
Warning: Simulation tolerance relaxed to achieve convergence from 7.5381229426357806e-03 to 7.5381229426357910e-03 seconds.
Warning: Simulation tolerance relaxed to achieve convergence from 7.5977218054127235e-03 to 7.5977218054127339e-03 seconds.
Warning: Simulation tolerance relaxed to achieve convergence from 7.5977218054190344e-03 to 7.5977218054190448e-03 seconds.
Warning: Simulation tolerance relaxed to achieve convergence from 7.5977218054302034e-03 to 7.5977218054302138e-03 seconds.
Warning: Simulation tolerance relaxed to achieve convergence from 7.5977218054302138e-03 to 7.5977218054302242e-03 seconds.
Warning: Simulation tolerance relaxed to achieve convergence from 7.6547426145120185e-03 to 7.6547426145120289e-03 seconds.
Warning: Simulation tolerance relaxed to achieve convergence from 7.6547426145120888e-03 to 7.6547426145120992e-03 seconds.
Warning: Simulation tolerance relaxed to achieve convergence from 7.6880590838389745e-03 to 7.6880590838389849e-03 seconds.
Warning: Simulation tolerance relaxed to achieve convergence from 7.6880590838391159e-03 to 7.6880590838391263e-03 seconds.
Warning: Simulation tolerance relaxed to achieve convergence from 7.6880590838392868e-03 to 7.6880590838392972e-03 seconds.
Warning: Simulation tolerance relaxed to achieve convergence from 7.6880590838392972e-03 to 7.6880590838393076e-03 seconds.
Warning: Simulation tolerance relaxed to achieve convergence from 7.8143013456013575e-03 to 7.8143013456013679e-03 seconds.
Warning: Simulation tolerance relaxed to achieve convergence from 7.8143013457087577e-03 to 7.8143013457087681e-03 seconds.
Warning: Simulation tolerance relaxed to achieve convergence from 7.8143013457087889e-03 to 7.8143013457087993e-03 seconds.
Warning: Simulation tolerance relaxed to achieve convergence from 7.8143013457088913e-03 to 7.8143013457089017e-03 seconds.
Warning: Simulation tolerance relaxed to achieve convergence from 7.8143013457474195e-03 to 7.8143013457474299e-03 seconds.
Warning: Simulation tolerance relaxed to achieve convergence from 7.8143013457476571e-03 to 7.8143013457476675e-03 seconds.
Warning: Simulation tolerance relaxed to achieve convergence from 7.8143013457486667e-03 to 7.8143013457486771e-03 seconds.
Warning: Simulation tolerance relaxed to achieve convergence from 7.8143013457487379e-03 to 7.8143013457487483e-03 seconds.
Warning: Simulation tolerance relaxed to achieve convergence from 7.8976008480415236e-03 to 7.8976008480415340e-03 seconds.
Warning: Simulation tolerance relaxed to achieve convergence from 7.8976008480415340e-03 to 7.8976008480415444e-03 seconds.
Warning: Simulation tolerance relaxed to achieve convergence from 7.8976008480415444e-03 to 7.8976008480415548e-03 seconds.
Warning: Simulation tolerance relaxed to achieve convergence from 7.8976008480415548e-03 to 7.8976008480415652e-03 seconds.
Warning: Simulation tolerance relaxed to achieve convergence from 7.8976008480470886e-03 to 7.8976008480470990e-03 seconds.
Warning: Simulation tolerance relaxed to achieve convergence from 7.8976008480471597e-03 to 7.8976008480471701e-03 seconds.
Warning: Simulation tolerance relaxed to achieve convergence from 7.8976008480471701e-03 to 7.8976008480471805e-03 seconds.
Warning: Simulation tolerance relaxed to achieve convergence from 7.9142599107450331e-03 to 7.9142599107450435e-03 seconds.
Warning: Simulation tolerance relaxed to achieve convergence from 7.9546201391702560e-03 to 7.9546201391702664e-03 seconds.
Warning: Simulation tolerance relaxed to achieve convergence from 7.9546201391854556e-03 to 7.9546201391854660e-03 seconds.
Warning: Simulation tolerance relaxed to achieve convergence from 7.9546201391854660e-03 to 7.9546201391854764e-03 seconds.
Warning: Simulation tolerance relaxed to achieve convergence from 8.0142217209374835e-03 to 8.0142217209374939e-03 seconds.
Warning: Simulation tolerance relaxed to achieve convergence from 8.0142217209375251e-03 to 8.0142217209375356e-03 seconds.
Warning: Simulation tolerance relaxed to achieve convergence from 8.0142217209385972e-03 to 8.0142217209386076e-03 seconds.
Warning: Simulation tolerance relaxed to achieve convergence from 8.0142217209387585e-03 to 8.0142217209387689e-03 seconds.
Warning: Simulation tolerance relaxed to achieve convergence from 8.0308806102489961e-03 to 8.0308806102490065e-03 seconds.
Warning: Simulation tolerance relaxed to achieve convergence from 8.0545810928707058e-03 to 8.0545810928707162e-03 seconds.
Warning: Simulation tolerance relaxed to achieve convergence from 8.0545810928707162e-03 to 8.0545810928707266e-03 seconds.
Warning: Simulation tolerance relaxed to achieve convergence from 8.0545810928707683e-03 to 8.0545810928707787e-03 seconds.
Warning: Simulation tolerance relaxed to achieve convergence from 8.0545810928708099e-03 to 8.0545810928708203e-03 seconds.
Warning: Simulation tolerance relaxed to achieve convergence from 8.0545810928708203e-03 to 8.0545810928708307e-03 seconds.
Warning: Simulation tolerance relaxed to achieve convergence from 8.0545810928708515e-03 to 8.0545810928708619e-03 seconds.
Warning: Simulation tolerance relaxed to achieve convergence from 8.0545810928709539e-03 to 8.0545810928709643e-03 seconds.
Warning: Simulation tolerance relaxed to achieve convergence from 8.0642002357911805e-03 to 8.0642002357911909e-03 seconds.
Warning: Simulation tolerance relaxed to achieve convergence from 8.0642002357915413e-03 to 8.0642002357915517e-03 seconds.
Warning: Simulation tolerance relaxed to achieve convergence from 8.0712419418501723e-03 to 8.0712419418501827e-03 seconds.
Warning: Simulation tolerance relaxed to achieve convergence from 8.0712419418502955e-03 to 8.0712419418503059e-03 seconds.
Warning: Simulation tolerance relaxed to achieve convergence from 8.0712419419403936e-03 to 8.0712419419404040e-03 seconds.
Warning: Simulation tolerance relaxed to achieve convergence from 8.0712419419404248e-03 to 8.0712419419404352e-03 seconds.
Warning: Simulation tolerance relaxed to achieve convergence from 8.0712419419404352e-03 to 8.0712419419404456e-03 seconds.
Warning: Simulation tolerance relaxed to achieve convergence from 8.0712419419404456e-03 to 8.0712419419404560e-03 seconds.
Warning: Simulation tolerance relaxed to achieve convergence from 8.0712419419404560e-03 to 8.0712419419404664e-03 seconds.
Warning: Simulation tolerance relaxed to achieve convergence from 8.0712419419404664e-03 to 8.0712419419404768e-03 seconds.
Warning: Simulation tolerance relaxed to achieve convergence from 8.0712419433153580e-03 to 8.0712419433153684e-03 seconds.
Warning: Simulation tolerance relaxed to achieve convergence from 8.0712419433153788e-03 to 8.0712419433153892e-03 seconds.
Warning: Simulation tolerance relaxed to achieve convergence from 8.0712419433154100e-03 to 8.0712419433154204e-03 seconds.
Warning: Simulation tolerance relaxed to achieve convergence from 8.0712419433155332e-03 to 8.0712419433155436e-03 seconds.
Warning: Simulation tolerance relaxed to achieve convergence from 8.0712419433156060e-03 to 8.0712419433156164e-03 seconds.
Warning: Simulation tolerance relaxed to achieve convergence from 8.0712419433156771e-03 to 8.0712419433156875e-03 seconds.
Warning: Simulation tolerance relaxed to achieve convergence from 8.0712419433156875e-03 to 8.0712419433156980e-03 seconds.
Warning: Simulation tolerance relaxed to achieve convergence from 8.0878990828953060e-03 to 8.0878990828953164e-03 seconds.
Warning: Simulation tolerance relaxed to achieve convergence from 8.0878990829234658e-03 to 8.0878990829234762e-03 seconds.
Warning: Simulation tolerance relaxed to achieve convergence from 8.1141823622755422e-03 to 8.1141823622755526e-03 seconds.
Warning: Simulation tolerance relaxed to achieve convergence from 8.1141823622755734e-03 to 8.1141823622755838e-03 seconds.
Warning: Simulation tolerance relaxed to achieve convergence from 8.1378816070912640e-03 to 8.1378816070912744e-03 seconds.
Warning: Simulation tolerance relaxed to achieve convergence from 8.1378816070913264e-03 to 8.1378816070913369e-03 seconds.
Warning: Simulation tolerance relaxed to achieve convergence from 8.1808219941950783e-03 to 8.1808219941950887e-03 seconds.
Warning: Simulation tolerance relaxed to achieve convergence from 8.1974810112349708e-03 to 8.1974810112349812e-03 seconds.
Warning: Simulation tolerance relaxed to achieve convergence from 8.2711621940414308e-03 to 8.2711621940414412e-03 seconds.
Warning: Simulation tolerance relaxed to achieve convergence from 8.2711621940414516e-03 to 8.2711621940414620e-03 seconds.
Warning: Simulation tolerance relaxed to achieve convergence from 8.2711621940416234e-03 to 8.2711621940416338e-03 seconds.
Warning: Simulation tolerance relaxed to achieve convergence from 8.2711621940416338e-03 to 8.2711621940416442e-03 seconds.
Warning: Simulation tolerance relaxed to achieve convergence from 8.2711621940416442e-03 to 8.2711621940416546e-03 seconds.
Warning: Simulation tolerance relaxed to achieve convergence from 8.2711621940416546e-03 to 8.2711621940416650e-03 seconds.
Warning: Simulation tolerance relaxed to achieve convergence from 8.2711621940416650e-03 to 8.2711621940416754e-03 seconds.
Warning: Simulation tolerance relaxed to achieve convergence from 8.2711621940416754e-03 to 8.2711621940416858e-03 seconds.
Warning: Simulation tolerance relaxed to achieve convergence from 8.2711621940417691e-03 to 8.2711621940417795e-03 seconds.
Warning: Simulation tolerance relaxed to achieve convergence from 8.2974417048120776e-03 to 8.2974417048120881e-03 seconds.
Warning: Simulation tolerance relaxed to achieve convergence from 8.3544603536687065e-03 to 8.3544603536687169e-03 seconds.
Warning: Simulation tolerance relaxed to achieve convergence from 8.4377619795427492e-03 to 8.4377619795427596e-03 seconds.
Warning: Simulation tolerance relaxed to achieve convergence from 8.4377619959770007e-03 to 8.4377619959770112e-03 seconds.
Warning: Simulation tolerance relaxed to achieve convergence from 8.4473781365029948e-03 to 8.4473781365030053e-03 seconds.
Warning: Simulation tolerance relaxed to achieve convergence from 8.4877403741309681e-03 to 8.4877403741309785e-03 seconds.
Warning: Simulation tolerance relaxed to achieve convergence from 8.4877403741325727e-03 to 8.4877403741325831e-03 seconds.
Warning: Simulation tolerance relaxed to achieve convergence from 8.4877403741329144e-03 to 8.4877403741329249e-03 seconds.
Warning: Simulation tolerance relaxed to achieve convergence from 8.4877403741329353e-03 to 8.4877403741329457e-03 seconds.
Warning: Simulation tolerance relaxed to achieve convergence from 8.4877403741329561e-03 to 8.4877403741329665e-03 seconds.
Warning: Simulation tolerance relaxed to achieve convergence from 8.4877403741330584e-03 to 8.4877403741330688e-03 seconds.
Warning: Simulation tolerance relaxed to achieve convergence from 8.4877403741330688e-03 to 8.4877403741330792e-03 seconds.
Warning: Simulation tolerance relaxed to achieve convergence from 8.4877403741333898e-03 to 8.4877403741334002e-03 seconds.
Warning: Simulation tolerance relaxed to achieve convergence from 8.5140223605122568e-03 to 8.5140223605122672e-03 seconds.
Warning: Simulation tolerance relaxed to achieve convergence from 8.5640023573900631e-03 to 8.5640023573900735e-03 seconds.
Warning: Simulation tolerance relaxed to achieve convergence from 8.6472987960870568e-03 to 8.6472987960870672e-03 seconds.
Warning: Simulation tolerance relaxed to achieve convergence from 8.6472987960870985e-03 to 8.6472987960871089e-03 seconds.
Warning: Simulation tolerance relaxed to achieve convergence from 8.6472987961103680e-03 to 8.6472987961103785e-03 seconds.
Warning: Simulation tolerance relaxed to achieve convergence from 8.6472987961103993e-03 to 8.6472987961104097e-03 seconds.
Warning: Simulation tolerance relaxed to achieve convergence from 8.6472987961107532e-03 to 8.6472987961107636e-03 seconds.
Warning: Simulation tolerance relaxed to achieve convergence from 8.6472987961107948e-03 to 8.6472987961108052e-03 seconds.
Warning: Simulation tolerance relaxed to achieve convergence from 8.6710039064795564e-03 to 8.6710039064795668e-03 seconds.
Warning: Simulation tolerance relaxed to achieve convergence from 8.6710039066125559e-03 to 8.6710039066125663e-03 seconds.
Warning: Simulation tolerance relaxed to achieve convergence from 8.6806216873920854e-03 to 8.6806216873920958e-03 seconds.
Warning: Simulation tolerance relaxed to achieve convergence from 8.6806216873921167e-03 to 8.6806216873921271e-03 seconds.
Warning: Simulation tolerance relaxed to achieve convergence from 8.7043222622071523e-03 to 8.7043222622071627e-03 seconds.
Warning: Simulation tolerance relaxed to achieve convergence from 8.7043222622072234e-03 to 8.7043222622072338e-03 seconds.
Warning: Simulation tolerance relaxed to achieve convergence from 8.7043222623014067e-03 to 8.7043222623014171e-03 seconds.
Warning: Simulation tolerance relaxed to achieve convergence from 8.7043222623015316e-03 to 8.7043222623015420e-03 seconds.
Warning: Simulation tolerance relaxed to achieve convergence from 8.7043222623015420e-03 to 8.7043222623015525e-03 seconds.
Warning: Simulation tolerance relaxed to achieve convergence from 8.7043222623015837e-03 to 8.7043222623015941e-03 seconds.
Warning: Simulation tolerance relaxed to achieve convergence from 8.7043222623018786e-03 to 8.7043222623018890e-03 seconds.
Warning: Simulation tolerance relaxed to achieve convergence from 8.7043222623049872e-03 to 8.7043222623049976e-03 seconds.
Warning: Simulation tolerance relaxed to achieve convergence from 8.7043222623049976e-03 to 8.7043222623050080e-03 seconds.
Warning: Simulation tolerance relaxed to achieve convergence from 8.7043222623050080e-03 to 8.7043222623050184e-03 seconds.
Warning: Simulation tolerance relaxed to achieve convergence from 8.7043222623050184e-03 to 8.7043222623050288e-03 seconds.
Warning: Simulation tolerance relaxed to achieve convergence from 8.7043222623050288e-03 to 8.7043222623050392e-03 seconds.
Warning: Simulation tolerance relaxed to achieve convergence from 8.7043222623052422e-03 to 8.7043222623052526e-03 seconds.
Warning: Simulation tolerance relaxed to achieve convergence from 8.7139396786353029e-03 to 8.7139396786353133e-03 seconds.
Warning: Simulation tolerance relaxed to achieve convergence from 8.7805798937692914e-03 to 8.7805798937693018e-03 seconds.
Warning: Simulation tolerance relaxed to achieve convergence from 8.7972433167825617e-03 to 8.7972433167825721e-03 seconds.
Warning: Simulation tolerance relaxed to achieve convergence from 8.7972433167826641e-03 to 8.7972433167826745e-03 seconds.
Warning: Simulation tolerance relaxed to achieve convergence from 8.7972433167827265e-03 to 8.7972433167827369e-03 seconds.
Warning: Simulation tolerance relaxed to achieve convergence from 8.8042798968852361e-03 to 8.8042798968852466e-03 seconds.
Warning: Simulation tolerance relaxed to achieve convergence from 8.8042798968858867e-03 to 8.8042798968858971e-03 seconds.
Warning: Simulation tolerance relaxed to achieve convergence from 8.8209432054913023e-03 to 8.8209432054913127e-03 seconds.
Warning: Simulation tolerance relaxed to achieve convergence from 8.8709231864586967e-03 to 8.8709231864587072e-03 seconds.
Warning: Simulation tolerance relaxed to achieve convergence from 8.8709231864587072e-03 to 8.8709231864587176e-03 seconds.
Warning: Simulation tolerance relaxed to achieve convergence from 8.8709231864588598e-03 to 8.8709231864588702e-03 seconds.
Warning: Simulation tolerance relaxed to achieve convergence from 8.8709231865398974e-03 to 8.8709231865399078e-03 seconds.
Warning: Simulation tolerance relaxed to achieve convergence from 8.8709231865399685e-03 to 8.8709231865399790e-03 seconds.
Warning: Simulation tolerance relaxed to achieve convergence from 8.8709231865399790e-03 to 8.8709231865399894e-03 seconds.
Warning: Simulation tolerance relaxed to achieve convergence from 8.8805424351097850e-03 to 8.8805424351097954e-03 seconds.
Warning: Simulation tolerance relaxed to achieve convergence from 8.8875829740699998e-03 to 8.8875829740700102e-03 seconds.
Warning: Simulation tolerance relaxed to achieve convergence from 8.8875829740700917e-03 to 8.8875829740701021e-03 seconds.
Warning: Simulation tolerance relaxed to achieve convergence from 8.8875829740701125e-03 to 8.8875829740701229e-03 seconds.
Warning: Simulation tolerance relaxed to achieve convergence from 8.8875829740701229e-03 to 8.8875829740701334e-03 seconds.
Warning: Simulation tolerance relaxed to achieve convergence from 8.8875829740706954e-03 to 8.8875829740707058e-03 seconds.
Warning: Simulation tolerance relaxed to achieve convergence from 8.8875829740707058e-03 to 8.8875829740707162e-03 seconds.
Warning: Simulation tolerance relaxed to achieve convergence from 8.8875829740707162e-03 to 8.8875829740707266e-03 seconds.
Warning: Simulation tolerance relaxed to achieve convergence from 8.9375593383120046e-03 to 8.9375593383120150e-03 seconds.
Warning: Simulation tolerance relaxed to achieve convergence from 8.9805010830421202e-03 to 8.9805010830421306e-03 seconds.
Warning: Simulation tolerance relaxed to achieve convergence from 8.9805010830421826e-03 to 8.9805010830421930e-03 seconds.
Warning: Simulation tolerance relaxed to achieve convergence from 8.9805010830422537e-03 to 8.9805010830422641e-03 seconds.
Warning: Simulation tolerance relaxed to achieve convergence from 8.9805010830423249e-03 to 8.9805010830423353e-03 seconds.
Warning: Simulation tolerance relaxed to achieve convergence from 8.9805010830424272e-03 to 8.9805010830424376e-03 seconds.
Warning: Simulation tolerance relaxed to achieve convergence from 8.9805010830424376e-03 to 8.9805010830424480e-03 seconds.
Warning: Simulation tolerance relaxed to achieve convergence from 8.9805010830424688e-03 to 8.9805010830424793e-03 seconds.
Warning: Simulation tolerance relaxed to achieve convergence from 8.9805010830425608e-03 to 8.9805010830425712e-03 seconds.
Warning: Simulation tolerance relaxed to achieve convergence from 8.9805010830427325e-03 to 8.9805010830427429e-03 seconds.
Warning: Simulation tolerance relaxed to achieve convergence from 8.9805010830428453e-03 to 8.9805010830428557e-03 seconds.
Warning: Simulation tolerance relaxed to achieve convergence from 8.9805010830431662e-03 to 8.9805010830431766e-03 seconds.
Warning: Simulation tolerance relaxed to achieve convergence from 8.9805010830435374e-03 to 8.9805010830435478e-03 seconds.
Warning: Simulation tolerance relaxed to achieve convergence from 8.9875429907700921e-03 to 8.9875429907701025e-03 seconds.
Warning: Simulation tolerance relaxed to achieve convergence from 9.0042028698824189e-03 to 9.0042028698824293e-03 seconds.
Warning: Simulation tolerance relaxed to achieve convergence from 9.0042028698826115e-03 to 9.0042028698826219e-03 seconds.
Warning: Simulation tolerance relaxed to achieve convergence from 9.0042028698826427e-03 to 9.0042028698826531e-03 seconds.
Warning: Simulation tolerance relaxed to achieve convergence from 9.0042028698826947e-03 to 9.0042028698827051e-03 seconds.
Warning: Simulation tolerance relaxed to achieve convergence from 9.0042028698827659e-03 to 9.0042028698827763e-03 seconds.
Warning: Simulation tolerance relaxed to achieve convergence from 9.0042028698836749e-03 to 9.0042028698836853e-03 seconds.
Warning: Simulation tolerance relaxed to achieve convergence from 9.0042028704953921e-03 to 9.0042028704954025e-03 seconds.
Warning: Simulation tolerance relaxed to achieve convergence from 9.0042028704954546e-03 to 9.0042028704954650e-03 seconds.
Warning: Simulation tolerance relaxed to achieve convergence from 9.0042028704963670e-03 to 9.0042028704963775e-03 seconds.
Warning: Simulation tolerance relaxed to achieve convergence from 9.0042028704964191e-03 to 9.0042028704964295e-03 seconds.
Warning: Simulation tolerance relaxed to achieve convergence from 9.0138179235594810e-03 to 9.0138179235594914e-03 seconds.
Warning: Simulation tolerance relaxed to achieve convergence from 9.0875032698775511e-03 to 9.0875032698775615e-03 seconds.
Warning: Simulation tolerance relaxed to achieve convergence from 9.0875032698777541e-03 to 9.0875032698777645e-03 seconds.
Warning: Simulation tolerance relaxed to achieve convergence from 9.0875032698782901e-03 to 9.0875032698783005e-03 seconds.
Warning: Simulation tolerance relaxed to achieve convergence from 9.1708035264091384e-03 to 9.1708035264091489e-03 seconds.
Warning: Simulation tolerance relaxed to achieve convergence from 9.1708035264094403e-03 to 9.1708035264094507e-03 seconds.
Warning: Simulation tolerance relaxed to achieve convergence from 9.1708035264095912e-03 to 9.1708035264096016e-03 seconds.
Warning: Simulation tolerance relaxed to achieve convergence from 9.1708035264096016e-03 to 9.1708035264096120e-03 seconds.
Warning: Simulation tolerance relaxed to achieve convergence from 9.1708035264096224e-03 to 9.1708035264096328e-03 seconds.
Warning: Simulation tolerance relaxed to achieve convergence from 9.1708035264096641e-03 to 9.1708035264096745e-03 seconds.
Warning: Simulation tolerance relaxed to achieve convergence from 9.1708035264096745e-03 to 9.1708035264096849e-03 seconds.
Warning: Simulation tolerance relaxed to achieve convergence from 9.1708035264096953e-03 to 9.1708035264097057e-03 seconds.
Warning: Simulation tolerance relaxed to achieve convergence from 9.1708035264097369e-03 to 9.1708035264097473e-03 seconds.
Warning: Simulation tolerance relaxed to achieve convergence from 9.1708035264098497e-03 to 9.1708035264098601e-03 seconds.
Warning: Simulation tolerance relaxed to achieve convergence from 9.1874623282558673e-03 to 9.1874623282558777e-03 seconds.
Warning: Simulation tolerance relaxed to achieve convergence from 9.1874623282560512e-03 to 9.1874623282560616e-03 seconds.
Warning: Simulation tolerance relaxed to achieve convergence from 9.1874623285033950e-03 to 9.1874623285034054e-03 seconds.
Warning: Simulation tolerance relaxed to achieve convergence from 9.2207833678390437e-03 to 9.2207833678390541e-03 seconds.
Warning: Simulation tolerance relaxed to achieve convergence from 9.2207833678391148e-03 to 9.2207833678391252e-03 seconds.
Warning: Simulation tolerance relaxed to achieve convergence from 9.2207833678397601e-03 to 9.2207833678397706e-03 seconds.
Warning: Simulation tolerance relaxed to achieve convergence from 9.2207833678455108e-03 to 9.2207833678455212e-03 seconds.
Warning: Simulation tolerance relaxed to achieve convergence from 9.2207833678455212e-03 to 9.2207833678455316e-03 seconds.
Warning: Simulation tolerance relaxed to achieve convergence from 9.2207833678455316e-03 to 9.2207833678455420e-03 seconds.
Warning: Simulation tolerance relaxed to achieve convergence from 9.2207833678455420e-03 to 9.2207833678455524e-03 seconds.
Warning: Simulation tolerance relaxed to achieve convergence from 9.2207833678455524e-03 to 9.2207833678455628e-03 seconds.
Warning: Simulation tolerance relaxed to achieve convergence from 9.2207833678455628e-03 to 9.2207833678455732e-03 seconds.
Warning: Simulation tolerance relaxed to achieve convergence from 9.2207833689322734e-03 to 9.2207833689322838e-03 seconds.
Warning: Simulation tolerance relaxed to achieve convergence from 9.2207833689322838e-03 to 9.2207833689322942e-03 seconds.
Warning: Simulation tolerance relaxed to achieve convergence from 9.2470612657959417e-03 to 9.2470612657959521e-03 seconds.
Warning: Simulation tolerance relaxed to achieve convergence from 9.2470612657960232e-03 to 9.2470612657960336e-03 seconds.
Warning: Simulation tolerance relaxed to achieve convergence from 9.2470612658145639e-03 to 9.2470612658145743e-03 seconds.
Warning: Simulation tolerance relaxed to achieve convergence from 9.2470612658150375e-03 to 9.2470612658150479e-03 seconds.
Warning: Simulation tolerance relaxed to achieve convergence from 9.2470612659506530e-03 to 9.2470612659506634e-03 seconds.
Warning: Simulation tolerance relaxed to achieve convergence from 9.2470612659506634e-03 to 9.2470612659506738e-03 seconds.
Warning: Simulation tolerance relaxed to achieve convergence from 9.2803828116434835e-03 to 9.2803828116434939e-03 seconds.
Warning: Simulation tolerance relaxed to achieve convergence from 9.3040828285834484e-03 to 9.3040828285834588e-03 seconds.
Warning: Simulation tolerance relaxed to achieve convergence from 9.3040828285834588e-03 to 9.3040828285834692e-03 seconds.
Warning: Simulation tolerance relaxed to achieve convergence from 9.3374025268263983e-03 to 9.3374025268264087e-03 seconds.
Warning: Simulation tolerance relaxed to achieve convergence from 9.3374025268264296e-03 to 9.3374025268264400e-03 seconds.
Warning: Simulation tolerance relaxed to achieve convergence from 9.3374025268268910e-03 to 9.3374025268269014e-03 seconds.
Warning: Simulation tolerance relaxed to achieve convergence from 9.3636818707058325e-03 to 9.3636818707058429e-03 seconds.
Warning: Simulation tolerance relaxed to achieve convergence from 9.3873830977830690e-03 to 9.3873830977830794e-03 seconds.
Warning: Simulation tolerance relaxed to achieve convergence from 9.4040432080459199e-03 to 9.4040432080459303e-03 seconds.
Warning: Simulation tolerance relaxed to achieve convergence from 9.4040432080459407e-03 to 9.4040432080459511e-03 seconds.
Warning: Simulation tolerance relaxed to achieve convergence from 9.4040432080459511e-03 to 9.4040432080459615e-03 seconds.
Warning: Simulation tolerance relaxed to achieve convergence from 9.4207023103362163e-03 to 9.4207023103362268e-03 seconds.
Warning: Simulation tolerance relaxed to achieve convergence from 9.4207023103362268e-03 to 9.4207023103362372e-03 seconds.
Warning: Simulation tolerance relaxed to achieve convergence from 9.4207023103363707e-03 to 9.4207023103363811e-03 seconds.
Warning: Simulation tolerance relaxed to achieve convergence from 9.4540195432878636e-03 to 9.4540195432878740e-03 seconds.
Warning: Simulation tolerance relaxed to achieve convergence from 9.4706824149415284e-03 to 9.4706824149415388e-03 seconds.
Warning: Simulation tolerance relaxed to achieve convergence from 9.4706824149415995e-03 to 9.4706824149416100e-03 seconds.
Warning: Simulation tolerance relaxed to achieve convergence from 9.4873433509289600e-03 to 9.4873433509289704e-03 seconds.
Warning: Simulation tolerance relaxed to achieve convergence from 9.4873433509314094e-03 to 9.4873433509314199e-03 seconds.
Warning: Simulation tolerance relaxed to achieve convergence from 9.4873433509314303e-03 to 9.4873433509314407e-03 seconds.
Warning: Simulation tolerance relaxed to achieve convergence from 9.4873433509370993e-03 to 9.4873433509371097e-03 seconds.
Warning: Simulation tolerance relaxed to achieve convergence from 9.4873433509371705e-03 to 9.4873433509371809e-03 seconds.
Warning: Simulation tolerance relaxed to achieve convergence from 9.4873433509372416e-03 to 9.4873433509372520e-03 seconds.
Warning: Simulation tolerance relaxed to achieve convergence from 9.4873433509387369e-03 to 9.4873433509387473e-03 seconds.
Warning: Simulation tolerance relaxed to achieve convergence from 9.4873433509388080e-03 to 9.4873433509388184e-03 seconds.
Warning: Simulation tolerance relaxed to achieve convergence from 9.5206621223630373e-03 to 9.5206621223630477e-03 seconds.
Warning: Simulation tolerance relaxed to achieve convergence from 9.5206621223631795e-03 to 9.5206621223631899e-03 seconds.
Warning: Simulation tolerance relaxed to achieve convergence from 9.5206621223631899e-03 to 9.5206621223632003e-03 seconds.
Warning: Simulation tolerance relaxed to achieve convergence from 9.5206621223632003e-03 to 9.5206621223632108e-03 seconds.
Warning: Simulation tolerance relaxed to achieve convergence from 9.5373192954061707e-03 to 9.5373192954061811e-03 seconds.
Warning: Simulation tolerance relaxed to achieve convergence from 9.5539826966305041e-03 to 9.5539826966305145e-03 seconds.
Warning: Simulation tolerance relaxed to achieve convergence from 9.5539826968407179e-03 to 9.5539826968407283e-03 seconds.
Warning: Simulation tolerance relaxed to achieve convergence from 9.5636020437054881e-03 to 9.5636020437054985e-03 seconds.
Warning: Simulation tolerance relaxed to achieve convergence from 9.5873033047057018e-03 to 9.5873033047057122e-03 seconds.
Warning: Simulation tolerance relaxed to achieve convergence from 9.5873033047058527e-03 to 9.5873033047058631e-03 seconds.
Warning: Simulation tolerance relaxed to achieve convergence from 9.5969181726999440e-03 to 9.5969181726999545e-03 seconds.
Warning: Simulation tolerance relaxed to achieve convergence from 9.5969181729394278e-03 to 9.5969181729394382e-03 seconds.
Warning: Simulation tolerance relaxed to achieve convergence from 9.6469011501081597e-03 to 9.6469011501081701e-03 seconds.
Warning: Simulation tolerance relaxed to achieve convergence from 9.6469011501081701e-03 to 9.6469011501081805e-03 seconds.
Warning: Simulation tolerance relaxed to achieve convergence from 9.6469011501081805e-03 to 9.6469011501081909e-03 seconds.
Warning: Simulation tolerance relaxed to achieve convergence from 9.6469011501082828e-03 to 9.6469011501082932e-03 seconds.
Warning: Simulation tolerance relaxed to achieve convergence from 9.6469011501089923e-03 to 9.6469011501090027e-03 seconds.
Warning: Simulation tolerance relaxed to achieve convergence from 9.6469011501091155e-03 to 9.6469011501091259e-03 seconds.
Warning: Simulation tolerance relaxed to achieve convergence from 9.6469011501091259e-03 to 9.6469011501091363e-03 seconds.
Warning: Simulation tolerance relaxed to achieve convergence from 9.6469011501098371e-03 to 9.6469011501098476e-03 seconds.
Warning: Simulation tolerance relaxed to achieve convergence from 9.6469011501098476e-03 to 9.6469011501098580e-03 seconds.
Warning: Simulation tolerance relaxed to achieve convergence from 9.6469011501099187e-03 to 9.6469011501099291e-03 seconds.
Warning: Simulation tolerance relaxed to achieve convergence from 9.6469011501099291e-03 to 9.6469011501099395e-03 seconds.
Warning: Simulation tolerance relaxed to achieve convergence from 9.6469011501099603e-03 to 9.6469011501099707e-03 seconds.
Warning: Simulation tolerance relaxed to achieve convergence from 9.6539418434865125e-03 to 9.6539418434865229e-03 seconds.
Warning: Simulation tolerance relaxed to achieve convergence from 9.6539418434865229e-03 to 9.6539418434865333e-03 seconds.
Warning: Simulation tolerance relaxed to achieve convergence from 9.6539418434869757e-03 to 9.6539418434869861e-03 seconds.
Warning: Simulation tolerance relaxed to achieve convergence from 9.6539418434869861e-03 to 9.6539418434869965e-03 seconds.
Warning: Simulation tolerance relaxed to achieve convergence from 9.6539418434870277e-03 to 9.6539418434870381e-03 seconds.
Warning: Simulation tolerance relaxed to achieve convergence from 9.6539418434870988e-03 to 9.6539418434871092e-03 seconds.
Warning: Simulation tolerance relaxed to achieve convergence from 9.6635627167272978e-03 to 9.6635627167273083e-03 seconds.
Warning: Simulation tolerance relaxed to achieve convergence from 9.7039222517403614e-03 to 9.7039222517403718e-03 seconds.
Warning: Simulation tolerance relaxed to achieve convergence from 9.7039222517403718e-03 to 9.7039222517403823e-03 seconds.
Warning: Simulation tolerance relaxed to achieve convergence from 9.7039222517404135e-03 to 9.7039222517404239e-03 seconds.
Warning: Simulation tolerance relaxed to achieve convergence from 9.7539022808644481e-03 to 9.7539022808644585e-03 seconds.
Warning: Simulation tolerance relaxed to achieve convergence from 9.7539022808644793e-03 to 9.7539022808644897e-03 seconds.
Warning: Simulation tolerance relaxed to achieve convergence from 9.7539022808645105e-03 to 9.7539022808645209e-03 seconds.
Warning: Simulation tolerance relaxed to achieve convergence from 9.7968420091984355e-03 to 9.7968420091984459e-03 seconds.
Warning: Simulation tolerance relaxed to achieve convergence from 9.7968420091987096e-03 to 9.7968420091987200e-03 seconds.
Warning: Simulation tolerance relaxed to achieve convergence from 9.8205417695567850e-03 to 9.8205417695567954e-03 seconds.
Warning: Simulation tolerance relaxed to achieve convergence from 9.8634801854200760e-03 to 9.8634801854200864e-03 seconds.
Warning: Simulation tolerance relaxed to achieve convergence from 9.8634801854202321e-03 to 9.8634801854202425e-03 seconds.
Warning: Simulation tolerance relaxed to achieve convergence from 9.8634801854202425e-03 to 9.8634801854202529e-03 seconds.
Warning: Simulation tolerance relaxed to achieve convergence from 9.8634801854228741e-03 to 9.8634801854228845e-03 seconds.
Warning: Simulation tolerance relaxed to achieve convergence from 9.8634801855463621e-03 to 9.8634801855463725e-03 seconds.
Warning: Simulation tolerance relaxed to achieve convergence from 9.8634801855464350e-03 to 9.8634801855464454e-03 seconds.
Warning: Simulation tolerance relaxed to achieve convergence from 9.8634801855464454e-03 to 9.8634801855464558e-03 seconds.
Warning: Simulation tolerance relaxed to achieve convergence from 9.8634801855464558e-03 to 9.8634801855464662e-03 seconds.
Warning: Simulation tolerance relaxed to achieve convergence from 9.8634801855464974e-03 to 9.8634801855465078e-03 seconds.
Warning: Simulation tolerance relaxed to achieve convergence from 9.8634801855466813e-03 to 9.8634801855466917e-03 seconds.
Warning: Simulation tolerance relaxed to achieve convergence from 9.8634801855467750e-03 to 9.8634801855467854e-03 seconds.
Warning: Simulation tolerance relaxed to achieve convergence from 9.8634801855469884e-03 to 9.8634801855469988e-03 seconds.
Warning: Simulation tolerance relaxed to achieve convergence from 9.8634801855470404e-03 to 9.8634801855470508e-03 seconds.
Warning: Simulation tolerance relaxed to achieve convergence from 9.8634801855471948e-03 to 9.8634801855472052e-03 seconds.
Warning: Simulation tolerance relaxed to achieve convergence from 9.8634801855713317e-03 to 9.8634801855713421e-03 seconds.
Warning: Simulation tolerance relaxed to achieve convergence from 9.8634801855715156e-03 to 9.8634801855715260e-03 seconds.
Warning: Simulation tolerance relaxed to achieve convergence from 9.8634801855715260e-03 to 9.8634801855715364e-03 seconds.
Warning: Simulation tolerance relaxed to achieve convergence from 9.8967981511231887e-03 to 9.8967981511231991e-03 seconds.
Warning: Simulation tolerance relaxed to achieve convergence from 9.8967981511234003e-03 to 9.8967981511234107e-03 seconds.
Warning: Simulation tolerance relaxed to achieve convergence from 9.9371637796066177e-03 to 9.9371637796066281e-03 seconds.
Warning: Simulation tolerance relaxed to achieve convergence from 9.9371637796067114e-03 to 9.9371637796067218e-03 seconds.
Warning: Simulation tolerance relaxed to achieve convergence from 9.9371637796067218e-03 to 9.9371637796067322e-03 seconds.
Warning: Simulation tolerance relaxed to achieve convergence from 9.9467815055023345e-03 to 9.9467815055023449e-03 seconds.
Warning: Simulation tolerance relaxed to achieve convergence from 9.9467815055023865e-03 to 9.9467815055023969e-03 seconds.
Warning: Simulation tolerance relaxed to achieve convergence from 9.9467815055024177e-03 to 9.9467815055024281e-03 seconds.
Warning: Simulation tolerance relaxed to achieve convergence from 9.9704830638465188e-03 to 9.9704830638465292e-03 seconds.
Warning: Simulation tolerance relaxed to achieve convergence from 9.9704830638651914e-03 to 9.9704830638652018e-03 seconds.
Warning: Simulation tolerance relaxed to achieve convergence from 9.9704830802886373e-03 to 9.9704830802886477e-03 seconds.
Warning: Simulation tolerance relaxed to achieve convergence from 9.9704830802889305e-03 to 9.9704830802889409e-03 seconds.
Warning: Simulation tolerance relaxed to achieve convergence from 9.9704830802889409e-03 to 9.9704830802889513e-03 seconds.
Warning: Simulation tolerance relaxed to achieve convergence from 9.9967610440902244e-03 to 9.9967610440902348e-03 seconds.
Warning: Simulation tolerance relaxed to achieve convergence from 1.0070441462855340e-02 to 1.0070441462855441e-02 seconds.
Warning: Simulation tolerance relaxed to achieve convergence from 1.0070441462878344e-02 to 1.0070441462878445e-02 seconds.
Warning: Simulation tolerance relaxed to achieve convergence from 1.0070441462881946e-02 to 1.0070441462882046e-02 seconds.
Warning: Simulation tolerance relaxed to achieve convergence from 1.0070441462889048e-02 to 1.0070441462889148e-02 seconds.
Warning: Simulation tolerance relaxed to achieve convergence from 1.0070441462898549e-02 to 1.0070441462898649e-02 seconds.
Warning: Simulation tolerance relaxed to achieve convergence from 1.0070441462898649e-02 to 1.0070441462898750e-02 seconds.
Warning: Simulation tolerance relaxed to achieve convergence from 1.0070441462898949e-02 to 1.0070441462899050e-02 seconds.
Warning: Simulation tolerance relaxed to achieve convergence from 1.0070441462900650e-02 to 1.0070441462900750e-02 seconds.
Warning: Simulation tolerance relaxed to achieve convergence from 1.0070441462904551e-02 to 1.0070441462904652e-02 seconds.
Warning: Simulation tolerance relaxed to achieve convergence from 1.0070441462905252e-02 to 1.0070441462905352e-02 seconds.
Warning: Simulation tolerance relaxed to achieve convergence from 1.0070441462951857e-02 to 1.0070441462951957e-02 seconds.
Warning: Simulation tolerance relaxed to achieve convergence from 1.0070441462994462e-02 to 1.0070441462994562e-02 seconds.
Warning: Simulation tolerance relaxed to achieve convergence from 1.0070441463004664e-02 to 1.0070441463004764e-02 seconds.
Warning: Simulation tolerance relaxed to achieve convergence from 1.0070441463018566e-02 to 1.0070441463018666e-02 seconds.
Warning: Simulation tolerance relaxed to achieve convergence from 1.0070441463037365e-02 to 1.0070441463037465e-02 seconds.
Warning: Simulation tolerance relaxed to achieve convergence from 1.0070441463041865e-02 to 1.0070441463041965e-02 seconds.
Warning: Simulation tolerance relaxed to achieve convergence from 1.0070441463048968e-02 to 1.0070441463049069e-02 seconds.
Warning: Simulation tolerance relaxed to achieve convergence from 1.0070441463049669e-02 to 1.0070441463049770e-02 seconds.
Warning: Simulation tolerance relaxed to achieve convergence from 1.0070441463094876e-02 to 1.0070441463094977e-02 seconds.
Warning: Simulation tolerance relaxed to achieve convergence from 1.0070441463153081e-02 to 1.0070441463153182e-02 seconds.
Warning: Simulation tolerance relaxed to achieve convergence from 1.0070441463172083e-02 to 1.0070441463172184e-02 seconds.
Warning: Simulation tolerance relaxed to achieve convergence from 1.0070441463172184e-02 to 1.0070441463172285e-02 seconds.
Warning: Simulation tolerance relaxed to achieve convergence from 1.0070441463191785e-02 to 1.0070441463191885e-02 seconds.
Warning: Simulation tolerance relaxed to achieve convergence from 1.0070441463221886e-02 to 1.0070441463221986e-02 seconds.
Warning: Simulation tolerance relaxed to achieve convergence from 1.0070441463236088e-02 to 1.0070441463236188e-02 seconds.
Warning: Simulation tolerance relaxed to achieve convergence from 1.0070441463252491e-02 to 1.0070441463252592e-02 seconds.
Warning: Simulation tolerance relaxed to achieve convergence from 1.0070441463269292e-02 to 1.0070441463269393e-02 seconds.
Warning: Simulation tolerance relaxed to achieve convergence from 1.0070441463291998e-02 to 1.0070441463292099e-02 seconds.
Warning: Simulation tolerance relaxed to achieve convergence from 1.0070441463297899e-02 to 1.0070441463298000e-02 seconds.
Warning: Simulation tolerance relaxed to achieve convergence from 1.0070441463301400e-02 to 1.0070441463301501e-02 seconds.
Warning: Simulation tolerance relaxed to achieve convergence from 1.0070441463302101e-02 to 1.0070441463302202e-02 seconds.
Warning: Simulation tolerance relaxed to achieve convergence from 1.0070441463304903e-02 to 1.0070441463305003e-02 seconds.
Warning: Simulation tolerance relaxed to achieve convergence from 1.0070441463320706e-02 to 1.0070441463320806e-02 seconds.
Warning: Simulation tolerance relaxed to achieve convergence from 1.0070441463326208e-02 to 1.0070441463326309e-02 seconds.
Warning: Simulation tolerance relaxed to achieve convergence from 1.0070441463346212e-02 to 1.0070441463346312e-02 seconds.
Warning: Simulation tolerance relaxed to achieve convergence from 1.0070441463346312e-02 to 1.0070441463346413e-02 seconds.
Warning: Simulation tolerance relaxed to achieve convergence from 1.0070441463353615e-02 to 1.0070441463353716e-02 seconds.
Warning: Simulation tolerance relaxed to achieve convergence from 1.0070441463364520e-02 to 1.0070441463364620e-02 seconds.
Warning: Simulation tolerance relaxed to achieve convergence from 1.0070441463366220e-02 to 1.0070441463366320e-02 seconds.
Warning: Simulation tolerance relaxed to achieve convergence from 1.0070441463382422e-02 to 1.0070441463382523e-02 seconds.
Warning: Simulation tolerance relaxed to achieve convergence from 1.0070441463397025e-02 to 1.0070441463397126e-02 seconds.
Warning: Simulation tolerance relaxed to achieve convergence from 1.0070441463406925e-02 to 1.0070441463407026e-02 seconds.
Warning: Simulation tolerance relaxed to achieve convergence from 1.0070441463407727e-02 to 1.0070441463407827e-02 seconds.
Warning: Simulation tolerance relaxed to achieve convergence from 1.0070441463432528e-02 to 1.0070441463432628e-02 seconds.
Warning: Simulation tolerance relaxed to achieve convergence from 1.0070441463434629e-02 to 1.0070441463434729e-02 seconds.
Warning: Simulation tolerance relaxed to achieve convergence from 1.0070441463434729e-02 to 1.0070441463434830e-02 seconds.
Warning: Simulation tolerance relaxed to achieve convergence from 1.0070441463464032e-02 to 1.0070441463464133e-02 seconds.
Warning: Simulation tolerance relaxed to achieve convergence from 1.0070441463464133e-02 to 1.0070441463464233e-02 seconds.
Warning: Simulation tolerance relaxed to achieve convergence from 1.0070441463476935e-02 to 1.0070441463477036e-02 seconds.
Warning: Simulation tolerance relaxed to achieve convergence from 1.0070441463492837e-02 to 1.0070441463492938e-02 seconds.
Warning: Simulation tolerance relaxed to achieve convergence from 1.0070441463496138e-02 to 1.0070441463496239e-02 seconds.
Warning: Simulation tolerance relaxed to achieve convergence from 1.0070441463521039e-02 to 1.0070441463521139e-02 seconds.
Warning: Simulation tolerance relaxed to achieve convergence from 1.0070441463527440e-02 to 1.0070441463527540e-02 seconds.
Warning: Simulation tolerance relaxed to achieve convergence from 1.0070441463527740e-02 to 1.0070441463527841e-02 seconds.
Warning: Simulation tolerance relaxed to achieve convergence from 1.0070441463530143e-02 to 1.0070441463530243e-02 seconds.
Warning: Simulation tolerance relaxed to achieve convergence from 1.0070441463534445e-02 to 1.0070441463534545e-02 seconds.
Warning: Simulation tolerance relaxed to achieve convergence from 1.0070441463543446e-02 to 1.0070441463543547e-02 seconds.
Warning: Simulation tolerance relaxed to achieve convergence from 1.0070441463555346e-02 to 1.0070441463555447e-02 seconds.
Warning: Simulation tolerance relaxed to achieve convergence from 1.0070441463559747e-02 to 1.0070441463559848e-02 seconds.
Warning: Simulation tolerance relaxed to achieve convergence from 1.0070441463587954e-02 to 1.0070441463588055e-02 seconds.
Warning: Simulation tolerance relaxed to achieve convergence from 1.0070441463592057e-02 to 1.0070441463592157e-02 seconds.
Warning: Simulation tolerance relaxed to achieve convergence from 1.0070441463602458e-02 to 1.0070441463602559e-02 seconds.
Warning: Simulation tolerance relaxed to achieve convergence from 1.0070441463607359e-02 to 1.0070441463607459e-02 seconds.
Warning: Simulation tolerance relaxed to achieve convergence from 1.0070441463621859e-02 to 1.0070441463621960e-02 seconds.
Warning: Simulation tolerance relaxed to achieve convergence from 1.0070441463648862e-02 to 1.0070441463648962e-02 seconds.
Warning: Simulation tolerance relaxed to achieve convergence from 1.0070441463691271e-02 to 1.0070441463691371e-02 seconds.
Warning: Simulation tolerance relaxed to achieve convergence from 1.0070441463701072e-02 to 1.0070441463701172e-02 seconds.
Warning: Simulation tolerance relaxed to achieve convergence from 1.0070441463701372e-02 to 1.0070441463701472e-02 seconds.
Warning: Simulation tolerance relaxed to achieve convergence from 1.0070441463717475e-02 to 1.0070441463717576e-02 seconds.
Warning: Simulation tolerance relaxed to achieve convergence from 1.0070441463751576e-02 to 1.0070441463751677e-02 seconds.
Warning: Simulation tolerance relaxed to achieve convergence from 1.0070441463751877e-02 to 1.0070441463751977e-02 seconds.
Warning: Simulation tolerance relaxed to achieve convergence from 1.0070441463752779e-02 to 1.0070441463752879e-02 seconds.
Warning: Simulation tolerance relaxed to achieve convergence from 1.0070441463795392e-02 to 1.0070441463795493e-02 seconds.
Warning: Simulation tolerance relaxed to achieve convergence from 1.0070441463801394e-02 to 1.0070441463801495e-02 seconds.
Warning: Simulation tolerance relaxed to achieve convergence from 1.0070441463804595e-02 to 1.0070441463804695e-02 seconds.
Warning: Simulation tolerance relaxed to achieve convergence from 1.0070441463856401e-02 to 1.0070441463856501e-02 seconds.
Warning: Simulation tolerance relaxed to achieve convergence from 1.0070441463856501e-02 to 1.0070441463856602e-02 seconds.
Warning: Simulation tolerance relaxed to achieve convergence from 1.0070441463859402e-02 to 1.0070441463859502e-02 seconds.
Warning: Simulation tolerance relaxed to achieve convergence from 1.0070441463905308e-02 to 1.0070441463905408e-02 seconds.
Warning: Simulation tolerance relaxed to achieve convergence from 1.0070441463912809e-02 to 1.0070441463912909e-02 seconds.
Warning: Simulation tolerance relaxed to achieve convergence from 1.0070441463935011e-02 to 1.0070441463935112e-02 seconds.
Warning: Simulation tolerance relaxed to achieve convergence from 1.0070441463936512e-02 to 1.0070441463936613e-02 seconds.
Warning: Simulation tolerance relaxed to achieve convergence from 1.0070441463936713e-02 to 1.0070441463936814e-02 seconds.
Warning: Simulation tolerance relaxed to achieve convergence from 1.0070441463957115e-02 to 1.0070441463957216e-02 seconds.
Warning: Simulation tolerance relaxed to achieve convergence from 1.0070441463961416e-02 to 1.0070441463961516e-02 seconds.
Warning: Simulation tolerance relaxed to achieve convergence from 1.0070441463967716e-02 to 1.0070441463967817e-02 seconds.
Warning: Simulation tolerance relaxed to achieve convergence from 1.0070441463979217e-02 to 1.0070441463979318e-02 seconds.
Warning: Simulation tolerance relaxed to achieve convergence from 1.0070441463990219e-02 to 1.0070441463990320e-02 seconds.
Warning: Simulation tolerance relaxed to achieve convergence from 1.0070441463993021e-02 to 1.0070441463993121e-02 seconds.
Warning: Simulation tolerance relaxed to achieve convergence from 1.0070441464005023e-02 to 1.0070441464005124e-02 seconds.
Warning: Simulation tolerance relaxed to achieve convergence from 1.0070441464006824e-02 to 1.0070441464006924e-02 seconds.
Warning: Simulation tolerance relaxed to achieve convergence from 1.0070441464041228e-02 to 1.0070441464041329e-02 seconds.
Warning: Simulation tolerance relaxed to achieve convergence from 1.0070441464046330e-02 to 1.0070441464046431e-02 seconds.
Warning: Simulation tolerance relaxed to achieve convergence from 1.0070441464047331e-02 to 1.0070441464047432e-02 seconds.
Warning: Simulation tolerance relaxed to achieve convergence from 1.0070441464047631e-02 to 1.0070441464047732e-02 seconds.
Warning: Simulation tolerance relaxed to achieve convergence from 1.0070441464047933e-02 to 1.0070441464048034e-02 seconds.
Warning: Simulation tolerance relaxed to achieve convergence from 1.0070441464055837e-02 to 1.0070441464055937e-02 seconds.
Warning: Simulation tolerance relaxed to achieve convergence from 1.0070441464072840e-02 to 1.0070441464072941e-02 seconds.
Warning: Simulation tolerance relaxed to achieve convergence from 1.0070441464092045e-02 to 1.0070441464092146e-02 seconds.
Warning: Simulation tolerance relaxed to achieve convergence from 1.0070441464095246e-02 to 1.0070441464095347e-02 seconds.
Warning: Simulation tolerance relaxed to achieve convergence from 1.0070441464105450e-02 to 1.0070441464105550e-02 seconds.
Warning: Simulation tolerance relaxed to achieve convergence from 1.0070441464111051e-02 to 1.0070441464111152e-02 seconds.
Warning: Simulation tolerance relaxed to achieve convergence from 1.0070441464113952e-02 to 1.0070441464114052e-02 seconds.
Warning: Simulation tolerance relaxed to achieve convergence from 1.0070441464125952e-02 to 1.0070441464126053e-02 seconds.
Warning: Simulation tolerance relaxed to achieve convergence from 1.0070441464133554e-02 to 1.0070441464133655e-02 seconds.
Warning: Simulation tolerance relaxed to achieve convergence from 1.0070441464133854e-02 to 1.0070441464133955e-02 seconds.
Warning: Simulation tolerance relaxed to achieve convergence from 1.0070441464144056e-02 to 1.0070441464144157e-02 seconds.
Warning: Simulation tolerance relaxed to achieve convergence from 1.0070441464144857e-02 to 1.0070441464144958e-02 seconds.
Warning: Simulation tolerance relaxed to achieve convergence from 1.0070441464146958e-02 to 1.0070441464147059e-02 seconds.
Warning: Simulation tolerance relaxed to achieve convergence from 1.0070441464189166e-02 to 1.0070441464189266e-02 seconds.
Warning: Simulation tolerance relaxed to achieve convergence from 1.0070441464237970e-02 to 1.0070441464238071e-02 seconds.
Warning: Simulation tolerance relaxed to achieve convergence from 1.0070441464261275e-02 to 1.0070441464261375e-02 seconds.
Warning: Simulation tolerance relaxed to achieve convergence from 1.0070441464270274e-02 to 1.0070441464270375e-02 seconds.
Warning: Simulation tolerance relaxed to achieve convergence from 1.0070441464271777e-02 to 1.0070441464271877e-02 seconds.
Warning: Simulation tolerance relaxed to achieve convergence from 1.0070441464279777e-02 to 1.0070441464279878e-02 seconds.
Warning: Simulation tolerance relaxed to achieve convergence from 1.0070441464290879e-02 to 1.0070441464290980e-02 seconds.
Warning: Simulation tolerance relaxed to achieve convergence from 1.0070441464306286e-02 to 1.0070441464306386e-02 seconds.
Warning: Simulation tolerance relaxed to achieve convergence from 1.0070441464320687e-02 to 1.0070441464320788e-02 seconds.
Warning: Simulation tolerance relaxed to achieve convergence from 1.0070441464348490e-02 to 1.0070441464348590e-02 seconds.
Warning: Simulation tolerance relaxed to achieve convergence from 1.0070441464353591e-02 to 1.0070441464353692e-02 seconds.
Warning: Simulation tolerance relaxed to achieve convergence from 1.0070441464358091e-02 to 1.0070441464358192e-02 seconds.
Warning: Simulation tolerance relaxed to achieve convergence from 1.0070441464361092e-02 to 1.0070441464361193e-02 seconds.
Warning: Simulation tolerance relaxed to achieve convergence from 1.0070441464372994e-02 to 1.0070441464373095e-02 seconds.
Warning: Simulation tolerance relaxed to achieve convergence from 1.0070441464388499e-02 to 1.0070441464388600e-02 seconds.
Warning: Simulation tolerance relaxed to achieve convergence from 1.0070441464395501e-02 to 1.0070441464395601e-02 seconds.
Warning: Simulation tolerance relaxed to achieve convergence from 1.0070441464402603e-02 to 1.0070441464402703e-02 seconds.
Warning: Simulation tolerance relaxed to achieve convergence from 1.0070441464406103e-02 to 1.0070441464406204e-02 seconds.
Warning: Simulation tolerance relaxed to achieve convergence from 1.0070441464432506e-02 to 1.0070441464432606e-02 seconds.
Warning: Simulation tolerance relaxed to achieve convergence from 1.0070441464434006e-02 to 1.0070441464434107e-02 seconds.
Warning: Simulation tolerance relaxed to achieve convergence from 1.0070441464439708e-02 to 1.0070441464439809e-02 seconds.
Warning: Simulation tolerance relaxed to achieve convergence from 1.0070441464444109e-02 to 1.0070441464444210e-02 seconds.
Warning: Simulation tolerance relaxed to achieve convergence from 1.0070441464453109e-02 to 1.0070441464453210e-02 seconds.
Warning: Simulation tolerance relaxed to achieve convergence from 1.0070441464485613e-02 to 1.0070441464485713e-02 seconds.
Warning: Simulation tolerance relaxed to achieve convergence from 1.0070441464486313e-02 to 1.0070441464486414e-02 seconds.
Warning: Simulation tolerance relaxed to achieve convergence from 1.0070441464501617e-02 to 1.0070441464501718e-02 seconds.
Warning: Simulation tolerance relaxed to achieve convergence from 1.0070441464506218e-02 to 1.0070441464506318e-02 seconds.
Warning: Simulation tolerance relaxed to achieve convergence from 1.0070441464549924e-02 to 1.0070441464550025e-02 seconds.
Warning: Simulation tolerance relaxed to achieve convergence from 1.0070441464550125e-02 to 1.0070441464550226e-02 seconds.
Warning: Simulation tolerance relaxed to achieve convergence from 1.0070441464557628e-02 to 1.0070441464557729e-02 seconds.
Warning: Simulation tolerance relaxed to achieve convergence from 1.0070441464564329e-02 to 1.0070441464564430e-02 seconds.
Warning: Simulation tolerance relaxed to achieve convergence from 1.0070441464582029e-02 to 1.0070441464582129e-02 seconds.
Warning: Simulation tolerance relaxed to achieve convergence from 1.0070441464585630e-02 to 1.0070441464585730e-02 seconds.
Warning: Simulation tolerance relaxed to achieve convergence from 1.0070441464587130e-02 to 1.0070441464587231e-02 seconds.
Warning: Simulation tolerance relaxed to achieve convergence from 1.0070441464596132e-02 to 1.0070441464596232e-02 seconds.
Warning: Simulation tolerance relaxed to achieve convergence from 1.0070441464604432e-02 to 1.0070441464604533e-02 seconds.
Warning: Simulation tolerance relaxed to achieve convergence from 1.0070441464606833e-02 to 1.0070441464606934e-02 seconds.
Warning: Simulation tolerance relaxed to achieve convergence from 1.0070441464606934e-02 to 1.0070441464607035e-02 seconds.
Warning: Simulation tolerance relaxed to achieve convergence from 1.0070441464616137e-02 to 1.0070441464616237e-02 seconds.
Warning: Simulation tolerance relaxed to achieve convergence from 1.0070441464619537e-02 to 1.0070441464619637e-02 seconds.
Warning: Simulation tolerance relaxed to achieve convergence from 1.0070441464619637e-02 to 1.0070441464619738e-02 seconds.
Warning: Simulation tolerance relaxed to achieve convergence from 1.0070441464640143e-02 to 1.0070441464640244e-02 seconds.
Warning: Simulation tolerance relaxed to achieve convergence from 1.0070441464640645e-02 to 1.0070441464640745e-02 seconds.
Warning: Simulation tolerance relaxed to achieve convergence from 1.0070441464650045e-02 to 1.0070441464650146e-02 seconds.
Warning: Simulation tolerance relaxed to achieve convergence from 1.0070441464654247e-02 to 1.0070441464654347e-02 seconds.
Warning: Simulation tolerance relaxed to achieve convergence from 1.0070441464671353e-02 to 1.0070441464671454e-02 seconds.
Warning: Simulation tolerance relaxed to achieve convergence from 1.0070441464674555e-02 to 1.0070441464674656e-02 seconds.
Warning: Simulation tolerance relaxed to achieve convergence from 1.0070441464678158e-02 to 1.0070441464678259e-02 seconds.
Warning: Simulation tolerance relaxed to achieve convergence from 1.0070441464701360e-02 to 1.0070441464701461e-02 seconds.
Warning: Simulation tolerance relaxed to achieve convergence from 1.0070441464718062e-02 to 1.0070441464718163e-02 seconds.
Warning: Simulation tolerance relaxed to achieve convergence from 1.0070441464721863e-02 to 1.0070441464721963e-02 seconds.
Warning: Simulation tolerance relaxed to achieve convergence from 1.0070441464723665e-02 to 1.0070441464723766e-02 seconds.
Warning: Simulation tolerance relaxed to achieve convergence from 1.0070441464759869e-02 to 1.0070441464759970e-02 seconds.
Warning: Simulation tolerance relaxed to achieve convergence from 1.0070441464778673e-02 to 1.0070441464778774e-02 seconds.
Warning: Simulation tolerance relaxed to achieve convergence from 1.0070441464792577e-02 to 1.0070441464792678e-02 seconds.
Warning: Simulation tolerance relaxed to achieve convergence from 1.0070441464800579e-02 to 1.0070441464800680e-02 seconds.
Warning: Simulation tolerance relaxed to achieve convergence from 1.0070441464818782e-02 to 1.0070441464818882e-02 seconds.
Warning: Simulation tolerance relaxed to achieve convergence from 1.0070441464837288e-02 to 1.0070441464837388e-02 seconds.
Warning: Simulation tolerance relaxed to achieve convergence from 1.0070441464843089e-02 to 1.0070441464843189e-02 seconds.
Warning: Simulation tolerance relaxed to achieve convergence from 1.0070441464901792e-02 to 1.0070441464901892e-02 seconds.
Warning: Simulation tolerance relaxed to achieve convergence from 1.0070441464910394e-02 to 1.0070441464910495e-02 seconds.
Warning: Simulation tolerance relaxed to achieve convergence from 1.0070441464910495e-02 to 1.0070441464910596e-02 seconds.
Warning: Simulation tolerance relaxed to achieve convergence from 1.0070441464955808e-02 to 1.0070441464955908e-02 seconds.
Warning: Simulation tolerance relaxed to achieve convergence from 1.0070441464955908e-02 to 1.0070441464956009e-02 seconds.
Warning: Simulation tolerance relaxed to achieve convergence from 1.0070441464981610e-02 to 1.0070441464981711e-02 seconds.
Warning: Simulation tolerance relaxed to achieve convergence from 1.0070441464991911e-02 to 1.0070441464992011e-02 seconds.
Warning: Simulation tolerance relaxed to achieve convergence from 1.0070441464992412e-02 to 1.0070441464992513e-02 seconds.
Warning: Simulation tolerance relaxed to achieve convergence from 1.0070441464999613e-02 to 1.0070441464999714e-02 seconds.
Warning: Simulation tolerance relaxed to achieve convergence from 1.0070441465001615e-02 to 1.0070441465001715e-02 seconds.
Warning: Simulation tolerance relaxed to achieve convergence from 1.0070441465007416e-02 to 1.0070441465007516e-02 seconds.
Warning: Simulation tolerance relaxed to achieve convergence from 1.0070441465007716e-02 to 1.0070441465007816e-02 seconds.
Warning: Simulation tolerance relaxed to achieve convergence from 1.0070441465034226e-02 to 1.0070441465034326e-02 seconds.
Warning: Simulation tolerance relaxed to achieve convergence from 1.0070441465037428e-02 to 1.0070441465037529e-02 seconds.
Warning: Simulation tolerance relaxed to achieve convergence from 1.0070441465041229e-02 to 1.0070441465041330e-02 seconds.
Warning: Simulation tolerance relaxed to achieve convergence from 1.0070441465045731e-02 to 1.0070441465045831e-02 seconds.
Warning: Simulation tolerance relaxed to achieve convergence from 1.0070441465063733e-02 to 1.0070441465063834e-02 seconds.
Warning: Simulation tolerance relaxed to achieve convergence from 1.0070441465069335e-02 to 1.0070441465069436e-02 seconds.
Warning: Simulation tolerance relaxed to achieve convergence from 1.0070441465082437e-02 to 1.0070441465082538e-02 seconds.
Warning: Simulation tolerance relaxed to achieve convergence from 1.0070441465106042e-02 to 1.0070441465106142e-02 seconds.
Warning: Simulation tolerance relaxed to achieve convergence from 1.0070441465141945e-02 to 1.0070441465142046e-02 seconds.
Warning: Simulation tolerance relaxed to achieve convergence from 1.0070441465145246e-02 to 1.0070441465145347e-02 seconds.
Warning: Simulation tolerance relaxed to achieve convergence from 1.0070441465152546e-02 to 1.0070441465152647e-02 seconds.
Warning: Simulation tolerance relaxed to achieve convergence from 1.0070441465153348e-02 to 1.0070441465153448e-02 seconds.
Warning: Simulation tolerance relaxed to achieve convergence from 1.0070441465158248e-02 to 1.0070441465158349e-02 seconds.
Warning: Simulation tolerance relaxed to achieve convergence from 1.0070441465158548e-02 to 1.0070441465158649e-02 seconds.
Warning: Simulation tolerance relaxed to achieve convergence from 1.0070441465158949e-02 to 1.0070441465159050e-02 seconds.
Warning: Simulation tolerance relaxed to achieve convergence from 1.0070441465166450e-02 to 1.0070441465166551e-02 seconds.
Warning: Simulation tolerance relaxed to achieve convergence from 1.0070441465167151e-02 to 1.0070441465167251e-02 seconds.
Warning: Simulation tolerance relaxed to achieve convergence from 1.0070441465167251e-02 to 1.0070441465167352e-02 seconds.
Warning: Simulation tolerance relaxed to achieve convergence from 1.0070441465171652e-02 to 1.0070441465171753e-02 seconds.
Warning: Simulation tolerance relaxed to achieve convergence from 1.0070441465187754e-02 to 1.0070441465187855e-02 seconds.
Warning: Simulation tolerance relaxed to achieve convergence from 1.0070441465200457e-02 to 1.0070441465200558e-02 seconds.
Warning: Simulation tolerance relaxed to achieve convergence from 1.0070441465203557e-02 to 1.0070441465203658e-02 seconds.
Warning: Simulation tolerance relaxed to achieve convergence from 1.0070441465205759e-02 to 1.0070441465205859e-02 seconds.
Warning: Simulation tolerance relaxed to achieve convergence from 1.0070441465210762e-02 to 1.0070441465210862e-02 seconds.
Warning: Simulation tolerance relaxed to achieve convergence from 1.0070441465215263e-02 to 1.0070441465215364e-02 seconds.
Warning: Simulation tolerance relaxed to achieve convergence from 1.0070441465216365e-02 to 1.0070441465216465e-02 seconds.
Warning: Simulation tolerance relaxed to achieve convergence from 1.0070441465225968e-02 to 1.0070441465226069e-02 seconds.
Warning: Simulation tolerance relaxed to achieve convergence from 1.0070441465226069e-02 to 1.0070441465226170e-02 seconds.
Warning: Simulation tolerance relaxed to achieve convergence from 1.0070441465226470e-02 to 1.0070441465226570e-02 seconds.
Warning: Simulation tolerance relaxed to achieve convergence from 1.0070441465226770e-02 to 1.0070441465226870e-02 seconds.
Warning: Simulation tolerance relaxed to achieve convergence from 1.0070441465232772e-02 to 1.0070441465232872e-02 seconds.
Warning: Simulation tolerance relaxed to achieve convergence from 1.0070441465266674e-02 to 1.0070441465266774e-02 seconds.
Warning: Simulation tolerance relaxed to achieve convergence from 1.0070441465277876e-02 to 1.0070441465277977e-02 seconds.
Warning: Simulation tolerance relaxed to achieve convergence from 1.0070441465293479e-02 to 1.0070441465293579e-02 seconds.
Warning: Simulation tolerance relaxed to achieve convergence from 1.0070441465301781e-02 to 1.0070441465301882e-02 seconds.
Warning: Simulation tolerance relaxed to achieve convergence from 1.0070441465303982e-02 to 1.0070441465304083e-02 seconds.
Warning: Simulation tolerance relaxed to achieve convergence from 1.0070441465306983e-02 to 1.0070441465307084e-02 seconds.
Warning: Simulation tolerance relaxed to achieve convergence from 1.0070441465316188e-02 to 1.0070441465316288e-02 seconds.
Warning: Simulation tolerance relaxed to achieve convergence from 1.0070441465319288e-02 to 1.0070441465319388e-02 seconds.
Warning: Simulation tolerance relaxed to achieve convergence from 1.0070441465333892e-02 to 1.0070441465333993e-02 seconds.
Warning: Simulation tolerance relaxed to achieve convergence from 1.0070441465349796e-02 to 1.0070441465349897e-02 seconds.
Warning: Simulation tolerance relaxed to achieve convergence from 1.0070441465360000e-02 to 1.0070441465360101e-02 seconds.
Warning: Simulation tolerance relaxed to achieve convergence from 1.0070441465365202e-02 to 1.0070441465365303e-02 seconds.
Warning: Simulation tolerance relaxed to achieve convergence from 1.0070441465377705e-02 to 1.0070441465377805e-02 seconds.
Warning: Simulation tolerance relaxed to achieve convergence from 1.0070441465392708e-02 to 1.0070441465392809e-02 seconds.
Warning: Simulation tolerance relaxed to achieve convergence from 1.0070441465399012e-02 to 1.0070441465399113e-02 seconds.
Warning: Simulation tolerance relaxed to achieve convergence from 1.0070441465426619e-02 to 1.0070441465426719e-02 seconds.
Warning: Simulation tolerance relaxed to achieve convergence from 1.0070441465434721e-02 to 1.0070441465434822e-02 seconds.
Warning: Simulation tolerance relaxed to achieve convergence from 1.0070441465442025e-02 to 1.0070441465442125e-02 seconds.
Warning: Simulation tolerance relaxed to achieve convergence from 1.0070441465458027e-02 to 1.0070441465458128e-02 seconds.
Warning: Simulation tolerance relaxed to achieve convergence from 1.0070441465465931e-02 to 1.0070441465466031e-02 seconds.
Warning: Simulation tolerance relaxed to achieve convergence from 1.0070441465484534e-02 to 1.0070441465484635e-02 seconds.
Warning: Simulation tolerance relaxed to achieve convergence from 1.0070441465497737e-02 to 1.0070441465497838e-02 seconds.
Warning: Simulation tolerance relaxed to achieve convergence from 1.0070441465527345e-02 to 1.0070441465527446e-02 seconds.
Warning: Simulation tolerance relaxed to achieve convergence from 1.0070441465527645e-02 to 1.0070441465527746e-02 seconds.
Warning: Simulation tolerance relaxed to achieve convergence from 1.0070441465536248e-02 to 1.0070441465536348e-02 seconds.
Warning: Simulation tolerance relaxed to achieve convergence from 1.0070441465542750e-02 to 1.0070441465542850e-02 seconds.
Warning: Simulation tolerance relaxed to achieve convergence from 1.0070441465542850e-02 to 1.0070441465542951e-02 seconds.
Warning: Simulation tolerance relaxed to achieve convergence from 1.0070441465544951e-02 to 1.0070441465545052e-02 seconds.
Warning: Simulation tolerance relaxed to achieve convergence from 1.0070441465554553e-02 to 1.0070441465554653e-02 seconds.
Warning: Simulation tolerance relaxed to achieve convergence from 1.0070441465566153e-02 to 1.0070441465566253e-02 seconds.
Warning: Simulation tolerance relaxed to achieve convergence from 1.0070441465570856e-02 to 1.0070441465570956e-02 seconds.
Warning: Simulation tolerance relaxed to achieve convergence from 1.0070441465573057e-02 to 1.0070441465573158e-02 seconds.
Warning: Simulation tolerance relaxed to achieve convergence from 1.0070441465604261e-02 to 1.0070441465604362e-02 seconds.
Warning: Simulation tolerance relaxed to achieve convergence from 1.0070441465605762e-02 to 1.0070441465605862e-02 seconds.
Warning: Simulation tolerance relaxed to achieve convergence from 1.0070441465613965e-02 to 1.0070441465614066e-02 seconds.
Warning: Simulation tolerance relaxed to achieve convergence from 1.0070441465614966e-02 to 1.0070441465615067e-02 seconds.
Warning: Simulation tolerance relaxed to achieve convergence from 1.0070441465631269e-02 to 1.0070441465631370e-02 seconds.
Warning: Simulation tolerance relaxed to achieve convergence from 1.0070441465633070e-02 to 1.0070441465633170e-02 seconds.
Warning: Simulation tolerance relaxed to achieve convergence from 1.0070441465675175e-02 to 1.0070441465675276e-02 seconds.
Warning: Simulation tolerance relaxed to achieve convergence from 1.0070441465687677e-02 to 1.0070441465687778e-02 seconds.
Warning: Simulation tolerance relaxed to achieve convergence from 1.0070441465689178e-02 to 1.0070441465689278e-02 seconds.
Warning: Simulation tolerance relaxed to achieve convergence from 1.0070441465700679e-02 to 1.0070441465700779e-02 seconds.
Warning: Simulation tolerance relaxed to achieve convergence from 1.0070441465702379e-02 to 1.0070441465702479e-02 seconds.
Warning: Simulation tolerance relaxed to achieve convergence from 1.0070441465721582e-02 to 1.0070441465721683e-02 seconds.
Warning: Simulation tolerance relaxed to achieve convergence from 1.0070441465730382e-02 to 1.0070441465730483e-02 seconds.
Warning: Simulation tolerance relaxed to achieve convergence from 1.0070441465735385e-02 to 1.0070441465735486e-02 seconds.
Warning: Simulation tolerance relaxed to achieve convergence from 1.0070441465748287e-02 to 1.0070441465748387e-02 seconds.
Warning: Simulation tolerance relaxed to achieve convergence from 1.0070441465786189e-02 to 1.0070441465786289e-02 seconds.
Warning: Simulation tolerance relaxed to achieve convergence from 1.0070441465786889e-02 to 1.0070441465786990e-02 seconds.
Warning: Simulation tolerance relaxed to achieve convergence from 1.0070441465806695e-02 to 1.0070441465806795e-02 seconds.
Warning: Simulation tolerance relaxed to achieve convergence from 1.0070441465806795e-02 to 1.0070441465806896e-02 seconds.
Warning: Simulation tolerance relaxed to achieve convergence from 1.0070441465808396e-02 to 1.0070441465808497e-02 seconds.
Warning: Simulation tolerance relaxed to achieve convergence from 1.0070441465827399e-02 to 1.0070441465827499e-02 seconds.
Warning: Simulation tolerance relaxed to achieve convergence from 1.0070441465828200e-02 to 1.0070441465828301e-02 seconds.
Warning: Simulation tolerance relaxed to achieve convergence from 1.0070441465867209e-02 to 1.0070441465867309e-02 seconds.
Warning: Simulation tolerance relaxed to achieve convergence from 1.0070441465870010e-02 to 1.0070441465870111e-02 seconds.
Warning: Simulation tolerance relaxed to achieve convergence from 1.0070441465879614e-02 to 1.0070441465879714e-02 seconds.
Warning: Simulation tolerance relaxed to achieve convergence from 1.0070441465882615e-02 to 1.0070441465882716e-02 seconds.
Warning: Simulation tolerance relaxed to achieve convergence from 1.0070441465888615e-02 to 1.0070441465888716e-02 seconds.
Warning: Simulation tolerance relaxed to achieve convergence from 1.0070441465906519e-02 to 1.0070441465906620e-02 seconds.
Warning: Simulation tolerance relaxed to achieve convergence from 1.0070441465914222e-02 to 1.0070441465914322e-02 seconds.
Warning: Simulation tolerance relaxed to achieve convergence from 1.0070441465924422e-02 to 1.0070441465924522e-02 seconds.
Warning: Simulation tolerance relaxed to achieve convergence from 1.0070441465924623e-02 to 1.0070441465924724e-02 seconds.
Warning: Simulation tolerance relaxed to achieve convergence from 1.0070441465966831e-02 to 1.0070441465966931e-02 seconds.
Warning: Simulation tolerance relaxed to achieve convergence from 1.0070441465972232e-02 to 1.0070441465972333e-02 seconds.
Warning: Simulation tolerance relaxed to achieve convergence from 1.0070441465972533e-02 to 1.0070441465972633e-02 seconds.
Warning: Simulation tolerance relaxed to achieve convergence from 1.0070441465974835e-02 to 1.0070441465974935e-02 seconds.
Warning: Simulation tolerance relaxed to achieve convergence from 1.0070441466004741e-02 to 1.0070441466004842e-02 seconds.
Warning: Simulation tolerance relaxed to achieve convergence from 1.0070441466008342e-02 to 1.0070441466008443e-02 seconds.
Warning: Simulation tolerance relaxed to achieve convergence from 1.0070441466010044e-02 to 1.0070441466010145e-02 seconds.
Warning: Simulation tolerance relaxed to achieve convergence from 1.0070441466034445e-02 to 1.0070441466034545e-02 seconds.
Warning: Simulation tolerance relaxed to achieve convergence from 1.0070441466036747e-02 to 1.0070441466036847e-02 seconds.
Warning: Simulation tolerance relaxed to achieve convergence from 1.0070441466044347e-02 to 1.0070441466044447e-02 seconds.
Warning: Simulation tolerance relaxed to achieve convergence from 1.0070441466046147e-02 to 1.0070441466046248e-02 seconds.
Warning: Simulation tolerance relaxed to achieve convergence from 1.0070441466047847e-02 to 1.0070441466047948e-02 seconds.
Warning: Simulation tolerance relaxed to achieve convergence from 1.0070441466049547e-02 to 1.0070441466049648e-02 seconds.
Warning: Simulation tolerance relaxed to achieve convergence from 1.0070441466049847e-02 to 1.0070441466049948e-02 seconds.
Warning: Simulation tolerance relaxed to achieve convergence from 1.0070441466058648e-02 to 1.0070441466058748e-02 seconds.
Warning: Simulation tolerance relaxed to achieve convergence from 1.0070441466063850e-02 to 1.0070441466063951e-02 seconds.
Warning: Simulation tolerance relaxed to achieve convergence from 1.0070441466063951e-02 to 1.0070441466064051e-02 seconds.
Warning: Simulation tolerance relaxed to achieve convergence from 1.0070441466067051e-02 to 1.0070441466067151e-02 seconds.
Warning: Simulation tolerance relaxed to achieve convergence from 1.0070441466070151e-02 to 1.0070441466070251e-02 seconds.
Warning: Simulation tolerance relaxed to achieve convergence from 1.0070441466082953e-02 to 1.0070441466083054e-02 seconds.
Warning: Simulation tolerance relaxed to achieve convergence from 1.0070441466085054e-02 to 1.0070441466085154e-02 seconds.
Warning: Simulation tolerance relaxed to achieve convergence from 1.0070441466088756e-02 to 1.0070441466088856e-02 seconds.
Warning: Simulation tolerance relaxed to achieve convergence from 1.0070441466092856e-02 to 1.0070441466092957e-02 seconds.
Warning: Simulation tolerance relaxed to achieve convergence from 1.0070441466097457e-02 to 1.0070441466097558e-02 seconds.
Warning: Simulation tolerance relaxed to achieve convergence from 1.0070441466105457e-02 to 1.0070441466105558e-02 seconds.
Warning: Simulation tolerance relaxed to achieve convergence from 1.0070441466112360e-02 to 1.0070441466112461e-02 seconds.
Warning: Simulation tolerance relaxed to achieve convergence from 1.0070441466116161e-02 to 1.0070441466116261e-02 seconds.
Warning: Simulation tolerance relaxed to achieve convergence from 1.0070441466119061e-02 to 1.0070441466119162e-02 seconds.
Warning: Simulation tolerance relaxed to achieve convergence from 1.0070441466121464e-02 to 1.0070441466121564e-02 seconds.
Warning: Simulation tolerance relaxed to achieve convergence from 1.0070441466121564e-02 to 1.0070441466121665e-02 seconds.
Warning: Simulation tolerance relaxed to achieve convergence from 1.0070441466131466e-02 to 1.0070441466131567e-02 seconds.
Warning: Simulation tolerance relaxed to achieve convergence from 1.0070441466180973e-02 to 1.0070441466181074e-02 seconds.
Warning: Simulation tolerance relaxed to achieve convergence from 1.0070441466187775e-02 to 1.0070441466187876e-02 seconds.
Warning: Simulation tolerance relaxed to achieve convergence from 1.0070441466214282e-02 to 1.0070441466214382e-02 seconds.
Warning: Simulation tolerance relaxed to achieve convergence from 1.0070441466215784e-02 to 1.0070441466215885e-02 seconds.
Warning: Simulation tolerance relaxed to achieve convergence from 1.0070441466217885e-02 to 1.0070441466217986e-02 seconds.
Warning: Simulation tolerance relaxed to achieve convergence from 1.0070441466218686e-02 to 1.0070441466218787e-02 seconds.
Warning: Simulation tolerance relaxed to achieve convergence from 1.0070441466247396e-02 to 1.0070441466247497e-02 seconds.
Warning: Simulation tolerance relaxed to achieve convergence from 1.0070441466249096e-02 to 1.0070441466249197e-02 seconds.
Warning: Simulation tolerance relaxed to achieve convergence from 1.0070441466250697e-02 to 1.0070441466250798e-02 seconds.
Warning: Simulation tolerance relaxed to achieve convergence from 1.0070441466265900e-02 to 1.0070441466266001e-02 seconds.
Warning: Simulation tolerance relaxed to achieve convergence from 1.0070441466269401e-02 to 1.0070441466269502e-02 seconds.
Warning: Simulation tolerance relaxed to achieve convergence from 1.0070441466277603e-02 to 1.0070441466277703e-02 seconds.
Warning: Simulation tolerance relaxed to achieve convergence from 1.0070441466282306e-02 to 1.0070441466282406e-02 seconds.
Warning: Simulation tolerance relaxed to achieve convergence from 1.0070441466288008e-02 to 1.0070441466288108e-02 seconds.
Warning: Simulation tolerance relaxed to achieve convergence from 1.0070441466291408e-02 to 1.0070441466291508e-02 seconds.
Warning: Simulation tolerance relaxed to achieve convergence from 1.0070441466293710e-02 to 1.0070441466293810e-02 seconds.
Warning: Simulation tolerance relaxed to achieve convergence from 1.0070441466308012e-02 to 1.0070441466308113e-02 seconds.
Warning: Simulation tolerance relaxed to achieve convergence from 1.0070441466309013e-02 to 1.0070441466309114e-02 seconds.
Warning: Simulation tolerance relaxed to achieve convergence from 1.0070441466330220e-02 to 1.0070441466330321e-02 seconds.
Warning: Simulation tolerance relaxed to achieve convergence from 1.0070441466342821e-02 to 1.0070441466342922e-02 seconds.
Warning: Simulation tolerance relaxed to achieve convergence from 1.0070441466366728e-02 to 1.0070441466366828e-02 seconds.
Warning: Simulation tolerance relaxed to achieve convergence from 1.0070441466390835e-02 to 1.0070441466390936e-02 seconds.
Warning: Simulation tolerance relaxed to achieve convergence from 1.0070441466396837e-02 to 1.0070441466396938e-02 seconds.
Warning: Simulation tolerance relaxed to achieve convergence from 1.0070441466399039e-02 to 1.0070441466399139e-02 seconds.
Warning: Simulation tolerance relaxed to achieve convergence from 1.0070441466403639e-02 to 1.0070441466403740e-02 seconds.
Warning: Simulation tolerance relaxed to achieve convergence from 1.0070441466414141e-02 to 1.0070441466414242e-02 seconds.
Warning: Simulation tolerance relaxed to achieve convergence from 1.0070441466421243e-02 to 1.0070441466421344e-02 seconds.
Warning: Simulation tolerance relaxed to achieve convergence from 1.0070441466427044e-02 to 1.0070441466427145e-02 seconds.
Warning: Simulation tolerance relaxed to achieve convergence from 1.0070441466435745e-02 to 1.0070441466435846e-02 seconds.
Warning: Simulation tolerance relaxed to achieve convergence from 1.0070441466440847e-02 to 1.0070441466440948e-02 seconds.
Warning: Simulation tolerance relaxed to achieve convergence from 1.0070441466447448e-02 to 1.0070441466447548e-02 seconds.
Warning: Simulation tolerance relaxed to achieve convergence from 1.0070441466448149e-02 to 1.0070441466448249e-02 seconds.
Warning: Simulation tolerance relaxed to achieve convergence from 1.0070441466448950e-02 to 1.0070441466449051e-02 seconds.
Warning: Simulation tolerance relaxed to achieve convergence from 1.0070441466453951e-02 to 1.0070441466454052e-02 seconds.
Warning: Simulation tolerance relaxed to achieve convergence from 1.0070441466472856e-02 to 1.0070441466472957e-02 seconds.
Warning: Simulation tolerance relaxed to achieve convergence from 1.0070441466485360e-02 to 1.0070441466485461e-02 seconds.
Warning: Simulation tolerance relaxed to achieve convergence from 1.0070441466494561e-02 to 1.0070441466494662e-02 seconds.
Warning: Simulation tolerance relaxed to achieve convergence from 1.0070441466496763e-02 to 1.0070441466496863e-02 seconds.
Warning: Simulation tolerance relaxed to achieve convergence from 1.0070441466509464e-02 to 1.0070441466509565e-02 seconds.
Warning: Simulation tolerance relaxed to achieve convergence from 1.0070441466517366e-02 to 1.0070441466517466e-02 seconds.
Warning: Simulation tolerance relaxed to achieve convergence from 1.0070441466522868e-02 to 1.0070441466522969e-02 seconds.
Warning: Simulation tolerance relaxed to achieve convergence from 1.0070441466524470e-02 to 1.0070441466524570e-02 seconds.
Warning: Simulation tolerance relaxed to achieve convergence from 1.0070441466545874e-02 to 1.0070441466545975e-02 seconds.
Warning: Simulation tolerance relaxed to achieve convergence from 1.0070441466546575e-02 to 1.0070441466546676e-02 seconds.
Warning: Simulation tolerance relaxed to achieve convergence from 1.0070441466562378e-02 to 1.0070441466562479e-02 seconds.
Warning: Simulation tolerance relaxed to achieve convergence from 1.0070441466564880e-02 to 1.0070441466564981e-02 seconds.
Warning: Simulation tolerance relaxed to achieve convergence from 1.0070441466574081e-02 to 1.0070441466574181e-02 seconds.
Warning: Simulation tolerance relaxed to achieve convergence from 1.0070441466576182e-02 to 1.0070441466576282e-02 seconds.
Warning: Simulation tolerance relaxed to achieve convergence from 1.0070441466579783e-02 to 1.0070441466579884e-02 seconds.
Warning: Simulation tolerance relaxed to achieve convergence from 1.0070441466579884e-02 to 1.0070441466579984e-02 seconds.
Warning: Simulation tolerance relaxed to achieve convergence from 1.0070441466591785e-02 to 1.0070441466591886e-02 seconds.
Warning: Simulation tolerance relaxed to achieve convergence from 1.0070441466592086e-02 to 1.0070441466592186e-02 seconds.
Warning: Simulation tolerance relaxed to achieve convergence from 1.0070441466596287e-02 to 1.0070441466596388e-02 seconds.
Warning: Simulation tolerance relaxed to achieve convergence from 1.0070441466605792e-02 to 1.0070441466605892e-02 seconds.
Warning: Simulation tolerance relaxed to achieve convergence from 1.0070441466607592e-02 to 1.0070441466607693e-02 seconds.
Warning: Simulation tolerance relaxed to achieve convergence from 1.0070441466607892e-02 to 1.0070441466607993e-02 seconds.
Warning: Simulation tolerance relaxed to achieve convergence from 1.0070441466618894e-02 to 1.0070441466618995e-02 seconds.
Warning: Simulation tolerance relaxed to achieve convergence from 1.0070441466630100e-02 to 1.0070441466630201e-02 seconds.
Warning: Simulation tolerance relaxed to achieve convergence from 1.0070441466630302e-02 to 1.0070441466630402e-02 seconds.
Warning: Simulation tolerance relaxed to achieve convergence from 1.0070441466646006e-02 to 1.0070441466646107e-02 seconds.
Warning: Simulation tolerance relaxed to achieve convergence from 1.0070441466654407e-02 to 1.0070441466654508e-02 seconds.
Warning: Simulation tolerance relaxed to achieve convergence from 1.0070441466657608e-02 to 1.0070441466657708e-02 seconds.
Warning: Simulation tolerance relaxed to achieve convergence from 1.0070441466660510e-02 to 1.0070441466660611e-02 seconds.
Warning: Simulation tolerance relaxed to achieve convergence from 1.0070441466678516e-02 to 1.0070441466678617e-02 seconds.
Warning: Simulation tolerance relaxed to achieve convergence from 1.0070441466686919e-02 to 1.0070441466687020e-02 seconds.
Warning: Simulation tolerance relaxed to achieve convergence from 1.0070441466688720e-02 to 1.0070441466688821e-02 seconds.
Warning: Simulation tolerance relaxed to achieve convergence from 1.0070441466692422e-02 to 1.0070441466692523e-02 seconds.
Warning: Simulation tolerance relaxed to achieve convergence from 1.0070441466695822e-02 to 1.0070441466695923e-02 seconds.
Warning: Simulation tolerance relaxed to achieve convergence from 1.0070441466711230e-02 to 1.0070441466711330e-02 seconds.
Warning: Simulation tolerance relaxed to achieve convergence from 1.0070441466713032e-02 to 1.0070441466713133e-02 seconds.
Warning: Simulation tolerance relaxed to achieve convergence from 1.0070441466715133e-02 to 1.0070441466715234e-02 seconds.
Warning: Simulation tolerance relaxed to achieve convergence from 1.0070441466724336e-02 to 1.0070441466724436e-02 seconds.
Warning: Simulation tolerance relaxed to achieve convergence from 1.0070441466725437e-02 to 1.0070441466725538e-02 seconds.
Warning: Simulation tolerance relaxed to achieve convergence from 1.0070441466725538e-02 to 1.0070441466725638e-02 seconds.
Warning: Simulation tolerance relaxed to achieve convergence from 1.0070441466726940e-02 to 1.0070441466727040e-02 seconds.
Warning: Simulation tolerance relaxed to achieve convergence from 1.0070441466727240e-02 to 1.0070441466727340e-02 seconds.
Warning: Simulation tolerance relaxed to achieve convergence from 1.0070441466740042e-02 to 1.0070441466740142e-02 seconds.
Warning: Simulation tolerance relaxed to achieve convergence from 1.0070441466759745e-02 to 1.0070441466759845e-02 seconds.
Warning: Simulation tolerance relaxed to achieve convergence from 1.0070441466761546e-02 to 1.0070441466761646e-02 seconds.
Warning: Simulation tolerance relaxed to achieve convergence from 1.0070441466766748e-02 to 1.0070441466766849e-02 seconds.
Warning: Simulation tolerance relaxed to achieve convergence from 1.0070441466779252e-02 to 1.0070441466779352e-02 seconds.
Warning: Simulation tolerance relaxed to achieve convergence from 1.0070441466779453e-02 to 1.0070441466779554e-02 seconds.
Warning: Simulation tolerance relaxed to achieve convergence from 1.0070441466779753e-02 to 1.0070441466779854e-02 seconds.
Warning: Simulation tolerance relaxed to achieve convergence from 1.0070441466785455e-02 to 1.0070441466785556e-02 seconds.
Warning: Simulation tolerance relaxed to achieve convergence from 1.0070441466792257e-02 to 1.0070441466792358e-02 seconds.
Warning: Simulation tolerance relaxed to achieve convergence from 1.0070441466805262e-02 to 1.0070441466805363e-02 seconds.
Warning: Simulation tolerance relaxed to achieve convergence from 1.0070441466805663e-02 to 1.0070441466805764e-02 seconds.
Warning: Simulation tolerance relaxed to achieve convergence from 1.0070441466807065e-02 to 1.0070441466807165e-02 seconds.
Warning: Simulation tolerance relaxed to achieve convergence from 1.0070441466807165e-02 to 1.0070441466807266e-02 seconds.
Warning: Simulation tolerance relaxed to achieve convergence from 1.0070441466807465e-02 to 1.0070441466807566e-02 seconds.
Warning: Simulation tolerance relaxed to achieve convergence from 1.0070441466810267e-02 to 1.0070441466810368e-02 seconds.
Warning: Simulation tolerance relaxed to achieve convergence from 1.0070441466828275e-02 to 1.0070441466828376e-02 seconds.
Warning: Simulation tolerance relaxed to achieve convergence from 1.0070441466829975e-02 to 1.0070441466830076e-02 seconds.
Warning: Simulation tolerance relaxed to achieve convergence from 1.0070441466835377e-02 to 1.0070441466835478e-02 seconds.
Warning: Simulation tolerance relaxed to achieve convergence from 1.0070441466835578e-02 to 1.0070441466835679e-02 seconds.
Warning: Simulation tolerance relaxed to achieve convergence from 1.0070441466836279e-02 to 1.0070441466836380e-02 seconds.
Warning: Simulation tolerance relaxed to achieve convergence from 1.0070441466836980e-02 to 1.0070441466837081e-02 seconds.
Warning: Simulation tolerance relaxed to achieve convergence from 1.0070441466840883e-02 to 1.0070441466840984e-02 seconds.
Warning: Simulation tolerance relaxed to achieve convergence from 1.0070441466847685e-02 to 1.0070441466847786e-02 seconds.
Warning: Simulation tolerance relaxed to achieve convergence from 1.0070441466858286e-02 to 1.0070441466858386e-02 seconds.
Warning: Simulation tolerance relaxed to achieve convergence from 1.0070441466869091e-02 to 1.0070441466869192e-02 seconds.
Warning: Simulation tolerance relaxed to achieve convergence from 1.0070441466872592e-02 to 1.0070441466872693e-02 seconds.
Warning: Simulation tolerance relaxed to achieve convergence from 1.0070441466873293e-02 to 1.0070441466873394e-02 seconds.
Warning: Simulation tolerance relaxed to achieve convergence from 1.0070441466875194e-02 to 1.0070441466875295e-02 seconds.
Warning: Simulation tolerance relaxed to achieve convergence from 1.0070441466892899e-02 to 1.0070441466892999e-02 seconds.
Warning: Simulation tolerance relaxed to achieve convergence from 1.0070441466897201e-02 to 1.0070441466897301e-02 seconds.
Warning: Simulation tolerance relaxed to achieve convergence from 1.0070441466905203e-02 to 1.0070441466905304e-02 seconds.
Warning: Simulation tolerance relaxed to achieve convergence from 1.0070441466910905e-02 to 1.0070441466911006e-02 seconds.
Warning: Simulation tolerance relaxed to achieve convergence from 1.0070441466918109e-02 to 1.0070441466918210e-02 seconds.
Warning: Simulation tolerance relaxed to achieve convergence from 1.0070441466922712e-02 to 1.0070441466922812e-02 seconds.
Warning: Simulation tolerance relaxed to achieve convergence from 1.0070441466924512e-02 to 1.0070441466924613e-02 seconds.
Warning: Simulation tolerance relaxed to achieve convergence from 1.0070441466925513e-02 to 1.0070441466925614e-02 seconds.
Warning: Simulation tolerance relaxed to achieve convergence from 1.0070441466934116e-02 to 1.0070441466934216e-02 seconds.
Warning: Simulation tolerance relaxed to achieve convergence from 1.0070441466938819e-02 to 1.0070441466938919e-02 seconds.
Warning: Simulation tolerance relaxed to achieve convergence from 1.0070441466939119e-02 to 1.0070441466939219e-02 seconds.
Warning: Simulation tolerance relaxed to achieve convergence from 1.0070441466939820e-02 to 1.0070441466939920e-02 seconds.
Warning: Simulation tolerance relaxed to achieve convergence from 1.0070441466941520e-02 to 1.0070441466941620e-02 seconds.
Warning: Simulation tolerance relaxed to achieve convergence from 1.0070441466946823e-02 to 1.0070441466946923e-02 seconds.
Warning: Simulation tolerance relaxed to achieve convergence from 1.0070441466951024e-02 to 1.0070441466951125e-02 seconds.
Warning: Simulation tolerance relaxed to achieve convergence from 1.0070441466964031e-02 to 1.0070441466964132e-02 seconds.
Warning: Simulation tolerance relaxed to achieve convergence from 1.0070441466981835e-02 to 1.0070441466981935e-02 seconds.
Warning: Simulation tolerance relaxed to achieve convergence from 1.0070441466983335e-02 to 1.0070441466983436e-02 seconds.
Warning: Simulation tolerance relaxed to achieve convergence from 1.0070441466985035e-02 to 1.0070441466985136e-02 seconds.
Warning: Simulation tolerance relaxed to achieve convergence from 1.0070441466989738e-02 to 1.0070441466989839e-02 seconds.
Warning: Simulation tolerance relaxed to achieve convergence from 1.0070441466990139e-02 to 1.0070441466990239e-02 seconds.
Warning: Simulation tolerance relaxed to achieve convergence from 1.0070441466991140e-02 to 1.0070441466991240e-02 seconds.
Warning: Simulation tolerance relaxed to achieve convergence from 1.0070441466991540e-02 to 1.0070441466991641e-02 seconds.
Warning: Simulation tolerance relaxed to achieve convergence from 1.0070441467005245e-02 to 1.0070441467005345e-02 seconds.
Warning: Simulation tolerance relaxed to achieve convergence from 1.0070441467008846e-02 to 1.0070441467008947e-02 seconds.
Warning: Simulation tolerance relaxed to achieve convergence from 1.0070441467012747e-02 to 1.0070441467012848e-02 seconds.
Warning: Simulation tolerance relaxed to achieve convergence from 1.0070441467024051e-02 to 1.0070441467024151e-02 seconds.
Warning: Simulation tolerance relaxed to achieve convergence from 1.0070441467030051e-02 to 1.0070441467030152e-02 seconds.
Warning: Simulation tolerance relaxed to achieve convergence from 1.0070441467034053e-02 to 1.0070441467034154e-02 seconds.
Warning: Simulation tolerance relaxed to achieve convergence from 1.0070441467043455e-02 to 1.0070441467043556e-02 seconds.
Warning: Simulation tolerance relaxed to achieve convergence from 1.0070441467045057e-02 to 1.0070441467045157e-02 seconds.
Warning: Simulation tolerance relaxed to achieve convergence from 1.0070441467055758e-02 to 1.0070441467055859e-02 seconds.
Warning: Simulation tolerance relaxed to achieve convergence from 1.0070441467056058e-02 to 1.0070441467056159e-02 seconds.
Warning: Simulation tolerance relaxed to achieve convergence from 1.0070441467056259e-02 to 1.0070441467056360e-02 seconds.
Warning: Simulation tolerance relaxed to achieve convergence from 1.0070441467056560e-02 to 1.0070441467056660e-02 seconds.
Warning: Simulation tolerance relaxed to achieve convergence from 1.0070441467059460e-02 to 1.0070441467059561e-02 seconds.
Warning: Simulation tolerance relaxed to achieve convergence from 1.0070441467059760e-02 to 1.0070441467059861e-02 seconds.
Warning: Simulation tolerance relaxed to achieve convergence from 1.0070441467061561e-02 to 1.0070441467061661e-02 seconds.
Warning: Simulation tolerance relaxed to achieve convergence from 1.0070441467084966e-02 to 1.0070441467085066e-02 seconds.
Warning: Simulation tolerance relaxed to achieve convergence from 1.0070441467087366e-02 to 1.0070441467087467e-02 seconds.
Warning: Simulation tolerance relaxed to achieve convergence from 1.0070441467097069e-02 to 1.0070441467097169e-02 seconds.
Warning: Simulation tolerance relaxed to achieve convergence from 1.0070441467097469e-02 to 1.0070441467097570e-02 seconds.
Warning: Simulation tolerance relaxed to achieve convergence from 1.0070441467098070e-02 to 1.0070441467098170e-02 seconds.
Warning: Simulation tolerance relaxed to achieve convergence from 1.0070441467107272e-02 to 1.0070441467107373e-02 seconds.
Warning: Simulation tolerance relaxed to achieve convergence from 1.0070441467107573e-02 to 1.0070441467107673e-02 seconds.
Warning: Simulation tolerance relaxed to achieve convergence from 1.0070441467107673e-02 to 1.0070441467107774e-02 seconds.
Warning: Simulation tolerance relaxed to achieve convergence from 1.0070441467107774e-02 to 1.0070441467107874e-02 seconds.
Warning: Simulation tolerance relaxed to achieve convergence from 1.0070441467113674e-02 to 1.0070441467113774e-02 seconds.
Warning: Simulation tolerance relaxed to achieve convergence from 1.0070441467129878e-02 to 1.0070441467129978e-02 seconds.
Warning: Simulation tolerance relaxed to achieve convergence from 1.0070441467134979e-02 to 1.0070441467135080e-02 seconds.
Warning: Simulation tolerance relaxed to achieve convergence from 1.0070441467138582e-02 to 1.0070441467138683e-02 seconds.
Warning: Simulation tolerance relaxed to achieve convergence from 1.0070441467138683e-02 to 1.0070441467138784e-02 seconds.
Warning: Simulation tolerance relaxed to achieve convergence from 1.0070441467161288e-02 to 1.0070441467161389e-02 seconds.
Warning: Simulation tolerance relaxed to achieve convergence from 1.0070441467166189e-02 to 1.0070441467166289e-02 seconds.
Warning: Simulation tolerance relaxed to achieve convergence from 1.0070441467166289e-02 to 1.0070441467166390e-02 seconds.
Warning: Simulation tolerance relaxed to achieve convergence from 1.0070441467167891e-02 to 1.0070441467167991e-02 seconds.
Warning: Simulation tolerance relaxed to achieve convergence from 1.0070441467168192e-02 to 1.0070441467168293e-02 seconds.
Warning: Simulation tolerance relaxed to achieve convergence from 1.0070441467177293e-02 to 1.0070441467177393e-02 seconds.
Warning: Simulation tolerance relaxed to achieve convergence from 1.0070441467181793e-02 to 1.0070441467181893e-02 seconds.
Warning: Simulation tolerance relaxed to achieve convergence from 1.0070441467182594e-02 to 1.0070441467182695e-02 seconds.
Warning: Simulation tolerance relaxed to achieve convergence from 1.0070441467184294e-02 to 1.0070441467184395e-02 seconds.
Warning: Simulation tolerance relaxed to achieve convergence from 1.0070441467191597e-02 to 1.0070441467191698e-02 seconds.
Warning: Simulation tolerance relaxed to achieve convergence from 1.0070441467192600e-02 to 1.0070441467192701e-02 seconds.
Warning: Simulation tolerance relaxed to achieve convergence from 1.0070441467199905e-02 to 1.0070441467200006e-02 seconds.
Warning: Simulation tolerance relaxed to achieve convergence from 1.0070441467201806e-02 to 1.0070441467201907e-02 seconds.
Warning: Simulation tolerance relaxed to achieve convergence from 1.0070441467202007e-02 to 1.0070441467202108e-02 seconds.
Warning: Simulation tolerance relaxed to achieve convergence from 1.0070441467202108e-02 to 1.0070441467202209e-02 seconds.
Warning: Simulation tolerance relaxed to achieve convergence from 1.0070441467202408e-02 to 1.0070441467202509e-02 seconds.
Warning: Simulation tolerance relaxed to achieve convergence from 1.0070441467206811e-02 to 1.0070441467206911e-02 seconds.
Warning: Simulation tolerance relaxed to achieve convergence from 1.0070441467227714e-02 to 1.0070441467227815e-02 seconds.
Warning: Simulation tolerance relaxed to achieve convergence from 1.0070441467228115e-02 to 1.0070441467228216e-02 seconds.
Warning: Simulation tolerance relaxed to achieve convergence from 1.0070441467230216e-02 to 1.0070441467230316e-02 seconds.
Warning: Simulation tolerance relaxed to achieve convergence from 1.0070441467231218e-02 to 1.0070441467231319e-02 seconds.
Warning: Simulation tolerance relaxed to achieve convergence from 1.0070441467238319e-02 to 1.0070441467238419e-02 seconds.
Warning: Simulation tolerance relaxed to achieve convergence from 1.0070441467239320e-02 to 1.0070441467239420e-02 seconds.
Warning: Simulation tolerance relaxed to achieve convergence from 1.0070441467259926e-02 to 1.0070441467260027e-02 seconds.
Warning: Simulation tolerance relaxed to achieve convergence from 1.0070441467261427e-02 to 1.0070441467261528e-02 seconds.
Warning: Simulation tolerance relaxed to achieve convergence from 1.0070441467267929e-02 to 1.0070441467268029e-02 seconds.
Warning: Simulation tolerance relaxed to achieve convergence from 1.0070441467270029e-02 to 1.0070441467270130e-02 seconds.
Warning: Simulation tolerance relaxed to achieve convergence from 1.0070441467270732e-02 to 1.0070441467270833e-02 seconds.
Warning: Simulation tolerance relaxed to achieve convergence from 1.0070441467272232e-02 to 1.0070441467272333e-02 seconds.
Warning: Simulation tolerance relaxed to achieve convergence from 1.0070441467274033e-02 to 1.0070441467274134e-02 seconds.
Warning: Simulation tolerance relaxed to achieve convergence from 1.0070441467282535e-02 to 1.0070441467282636e-02 seconds.
Warning: Simulation tolerance relaxed to achieve convergence from 1.0070441467283236e-02 to 1.0070441467283336e-02 seconds.
Warning: Simulation tolerance relaxed to achieve convergence from 1.0070441467289439e-02 to 1.0070441467289540e-02 seconds.
Warning: Simulation tolerance relaxed to achieve convergence from 1.0070441467301242e-02 to 1.0070441467301343e-02 seconds.
Warning: Simulation tolerance relaxed to achieve convergence from 1.0070441467313243e-02 to 1.0070441467313344e-02 seconds.
Warning: Simulation tolerance relaxed to achieve convergence from 1.0070441467313344e-02 to 1.0070441467313444e-02 seconds.
Warning: Simulation tolerance relaxed to achieve convergence from 1.0070441467333446e-02 to 1.0070441467333546e-02 seconds.
Warning: Simulation tolerance relaxed to achieve convergence from 1.0070441467351549e-02 to 1.0070441467351650e-02 seconds.
Warning: Simulation tolerance relaxed to achieve convergence from 1.0070441467359650e-02 to 1.0070441467359751e-02 seconds.
Warning: Simulation tolerance relaxed to achieve convergence from 1.0070441467361350e-02 to 1.0070441467361451e-02 seconds.
Warning: Simulation tolerance relaxed to achieve convergence from 1.0070441467372853e-02 to 1.0070441467372954e-02 seconds.
Warning: Simulation tolerance relaxed to achieve convergence from 1.0070441467374354e-02 to 1.0070441467374455e-02 seconds.
Warning: Simulation tolerance relaxed to achieve convergence from 1.0070441467377955e-02 to 1.0070441467378056e-02 seconds.
Warning: Simulation tolerance relaxed to achieve convergence from 1.0070441467378555e-02 to 1.0070441467378656e-02 seconds.
Warning: Simulation tolerance relaxed to achieve convergence from 1.0070441467400259e-02 to 1.0070441467400359e-02 seconds.
Warning: Simulation tolerance relaxed to achieve convergence from 1.0070441467422368e-02 to 1.0070441467422468e-02 seconds.
Warning: Simulation tolerance relaxed to achieve convergence from 1.0070441467422468e-02 to 1.0070441467422569e-02 seconds.
Warning: Simulation tolerance relaxed to achieve convergence from 1.0070441467423469e-02 to 1.0070441467423570e-02 seconds.
Warning: Simulation tolerance relaxed to achieve convergence from 1.0070441467425471e-02 to 1.0070441467425572e-02 seconds.
Warning: Simulation tolerance relaxed to achieve convergence from 1.0070441467428972e-02 to 1.0070441467429072e-02 seconds.
Warning: Simulation tolerance relaxed to achieve convergence from 1.0070441467432073e-02 to 1.0070441467432174e-02 seconds.
Warning: Simulation tolerance relaxed to achieve convergence from 1.0070441467438476e-02 to 1.0070441467438577e-02 seconds.
Warning: Simulation tolerance relaxed to achieve convergence from 1.0070441467441677e-02 to 1.0070441467441777e-02 seconds.
Warning: Simulation tolerance relaxed to achieve convergence from 1.0070441467445177e-02 to 1.0070441467445278e-02 seconds.
Warning: Simulation tolerance relaxed to achieve convergence from 1.0070441467461378e-02 to 1.0070441467461479e-02 seconds.
Warning: Simulation tolerance relaxed to achieve convergence from 1.0070441467477681e-02 to 1.0070441467477782e-02 seconds.
Warning: Simulation tolerance relaxed to achieve convergence from 1.0070441467478482e-02 to 1.0070441467478583e-02 seconds.
Warning: Simulation tolerance relaxed to achieve convergence from 1.0070441467489187e-02 to 1.0070441467489288e-02 seconds.
Warning: Simulation tolerance relaxed to achieve convergence from 1.0070441467489288e-02 to 1.0070441467489389e-02 seconds.
Warning: Simulation tolerance relaxed to achieve convergence from 1.0070441467491389e-02 to 1.0070441467491489e-02 seconds.
Warning: Simulation tolerance relaxed to achieve convergence from 1.0070441467496390e-02 to 1.0070441467496491e-02 seconds.
Warning: Simulation tolerance relaxed to achieve convergence from 1.0070441467500493e-02 to 1.0070441467500593e-02 seconds.
Warning: Simulation tolerance relaxed to achieve convergence from 1.0070441467502293e-02 to 1.0070441467502394e-02 seconds.
Warning: Simulation tolerance relaxed to achieve convergence from 1.0070441467502593e-02 to 1.0070441467502694e-02 seconds.
Warning: Simulation tolerance relaxed to achieve convergence from 1.0070441467504495e-02 to 1.0070441467504595e-02 seconds.
Warning: Simulation tolerance relaxed to achieve convergence from 1.0070441467511798e-02 to 1.0070441467511898e-02 seconds.
Warning: Simulation tolerance relaxed to achieve convergence from 1.0070441467512299e-02 to 1.0070441467512400e-02 seconds.
Warning: Simulation tolerance relaxed to achieve convergence from 1.0070441467534408e-02 to 1.0070441467534509e-02 seconds.
Warning: Simulation tolerance relaxed to achieve convergence from 1.0070441467540410e-02 to 1.0070441467540511e-02 seconds.
Warning: Simulation tolerance relaxed to achieve convergence from 1.0070441467544612e-02 to 1.0070441467544712e-02 seconds.
Warning: Simulation tolerance relaxed to achieve convergence from 1.0070441467545212e-02 to 1.0070441467545313e-02 seconds.
Warning: Simulation tolerance relaxed to achieve convergence from 1.0070441467546813e-02 to 1.0070441467546914e-02 seconds.
Warning: Simulation tolerance relaxed to achieve convergence from 1.0070441467547514e-02 to 1.0070441467547615e-02 seconds.
Warning: Simulation tolerance relaxed to achieve convergence from 1.0070441467565316e-02 to 1.0070441467565416e-02 seconds.
Warning: Simulation tolerance relaxed to achieve convergence from 1.0070441467570619e-02 to 1.0070441467570719e-02 seconds.
Warning: Simulation tolerance relaxed to achieve convergence from 1.0070441467573221e-02 to 1.0070441467573321e-02 seconds.
Warning: Simulation tolerance relaxed to achieve convergence from 1.0070441467584722e-02 to 1.0070441467584823e-02 seconds.
Warning: Simulation tolerance relaxed to achieve convergence from 1.0070441467585423e-02 to 1.0070441467585524e-02 seconds.
Warning: Simulation tolerance relaxed to achieve convergence from 1.0070441467585524e-02 to 1.0070441467585624e-02 seconds.
Warning: Simulation tolerance relaxed to achieve convergence from 1.0070441467589125e-02 to 1.0070441467589225e-02 seconds.
Warning: Simulation tolerance relaxed to achieve convergence from 1.0070441467592325e-02 to 1.0070441467592426e-02 seconds.
Warning: Simulation tolerance relaxed to achieve convergence from 1.0070441467592625e-02 to 1.0070441467592726e-02 seconds.
Warning: Simulation tolerance relaxed to achieve convergence from 1.0070441467593526e-02 to 1.0070441467593626e-02 seconds.
Warning: Simulation tolerance relaxed to achieve convergence from 1.0070441467595326e-02 to 1.0070441467595427e-02 seconds.
Warning: Simulation tolerance relaxed to achieve convergence from 1.0070441467597427e-02 to 1.0070441467597528e-02 seconds.
Warning: Simulation tolerance relaxed to achieve convergence from 1.0070441467602833e-02 to 1.0070441467602933e-02 seconds.
Warning: Simulation tolerance relaxed to achieve convergence from 1.0070441467602933e-02 to 1.0070441467603034e-02 seconds.
Warning: Simulation tolerance relaxed to achieve convergence from 1.0070441467607235e-02 to 1.0070441467607336e-02 seconds.
Warning: Simulation tolerance relaxed to achieve convergence from 1.0070441467609336e-02 to 1.0070441467609437e-02 seconds.
Warning: Simulation tolerance relaxed to achieve convergence from 1.0070441467609636e-02 to 1.0070441467609737e-02 seconds.
Warning: Simulation tolerance relaxed to achieve convergence from 1.0070441467619737e-02 to 1.0070441467619838e-02 seconds.
Warning: Simulation tolerance relaxed to achieve convergence from 1.0070441467633438e-02 to 1.0070441467633539e-02 seconds.
Warning: Simulation tolerance relaxed to achieve convergence from 1.0070441467640941e-02 to 1.0070441467641042e-02 seconds.
Warning: Simulation tolerance relaxed to achieve convergence from 1.0070441467645542e-02 to 1.0070441467645642e-02 seconds.
Warning: Simulation tolerance relaxed to achieve convergence from 1.0070441467647443e-02 to 1.0070441467647543e-02 seconds.
Warning: Simulation tolerance relaxed to achieve convergence from 1.0070441467649143e-02 to 1.0070441467649243e-02 seconds.
Warning: Simulation tolerance relaxed to achieve convergence from 1.0070441467654144e-02 to 1.0070441467654245e-02 seconds.
Warning: Simulation tolerance relaxed to achieve convergence from 1.0070441467656347e-02 to 1.0070441467656448e-02 seconds.
Warning: Simulation tolerance relaxed to achieve convergence from 1.0070441467661949e-02 to 1.0070441467662049e-02 seconds.
Warning: Simulation tolerance relaxed to achieve convergence from 1.0070441467665151e-02 to 1.0070441467665251e-02 seconds.
Warning: Simulation tolerance relaxed to achieve convergence from 1.0070441467665552e-02 to 1.0070441467665652e-02 seconds.
Warning: Simulation tolerance relaxed to achieve convergence from 1.0070441467665952e-02 to 1.0070441467666053e-02 seconds.
Warning: Simulation tolerance relaxed to achieve convergence from 1.0070441467673753e-02 to 1.0070441467673854e-02 seconds.
Warning: Simulation tolerance relaxed to achieve convergence from 1.0070441467674053e-02 to 1.0070441467674154e-02 seconds.
Warning: Simulation tolerance relaxed to achieve convergence from 1.0070441467674154e-02 to 1.0070441467674255e-02 seconds.
Warning: Simulation tolerance relaxed to achieve convergence from 1.0070441467684257e-02 to 1.0070441467684358e-02 seconds.
Warning: Simulation tolerance relaxed to achieve convergence from 1.0070441467689059e-02 to 1.0070441467689159e-02 seconds.
Warning: Simulation tolerance relaxed to achieve convergence from 1.0070441467689359e-02 to 1.0070441467689459e-02 seconds.
Warning: Simulation tolerance relaxed to achieve convergence from 1.0070441467700362e-02 to 1.0070441467700463e-02 seconds.
Warning: Simulation tolerance relaxed to achieve convergence from 1.0070441467703164e-02 to 1.0070441467703264e-02 seconds.
Warning: Simulation tolerance relaxed to achieve convergence from 1.0070441467703464e-02 to 1.0070441467703565e-02 seconds.
Warning: Simulation tolerance relaxed to achieve convergence from 1.0070441467713969e-02 to 1.0070441467714070e-02 seconds.
Warning: Simulation tolerance relaxed to achieve convergence from 1.0070441467720971e-02 to 1.0070441467721071e-02 seconds.
Warning: Simulation tolerance relaxed to achieve convergence from 1.0070441467737274e-02 to 1.0070441467737374e-02 seconds.
Warning: Simulation tolerance relaxed to achieve convergence from 1.0070441467744874e-02 to 1.0070441467744974e-02 seconds.
Warning: Simulation tolerance relaxed to achieve convergence from 1.0070441467760783e-02 to 1.0070441467760883e-02 seconds.
Warning: Simulation tolerance relaxed to achieve convergence from 1.0070441467761483e-02 to 1.0070441467761584e-02 seconds.
Warning: Simulation tolerance relaxed to achieve convergence from 1.0070441467761584e-02 to 1.0070441467761685e-02 seconds.
Warning: Simulation tolerance relaxed to achieve convergence from 1.0070441467762486e-02 to 1.0070441467762587e-02 seconds.
Warning: Simulation tolerance relaxed to achieve convergence from 1.0070441467766788e-02 to 1.0070441467766889e-02 seconds.
Warning: Simulation tolerance relaxed to achieve convergence from 1.0070441467772492e-02 to 1.0070441467772593e-02 seconds.
Warning: Simulation tolerance relaxed to achieve convergence from 1.0070441467779596e-02 to 1.0070441467779696e-02 seconds.
Warning: Simulation tolerance relaxed to achieve convergence from 1.0070441467781696e-02 to 1.0070441467781797e-02 seconds.
Warning: Simulation tolerance relaxed to achieve convergence from 1.0070441467790597e-02 to 1.0070441467790698e-02 seconds.
Warning: Simulation tolerance relaxed to achieve convergence from 1.0070441467797399e-02 to 1.0070441467797500e-02 seconds.
Warning: Simulation tolerance relaxed to achieve convergence from 1.0070441467800201e-02 to 1.0070441467800301e-02 seconds.
Warning: Simulation tolerance relaxed to achieve convergence from 1.0070441467808302e-02 to 1.0070441467808403e-02 seconds.
Warning: Simulation tolerance relaxed to achieve convergence from 1.0070441467809905e-02 to 1.0070441467810005e-02 seconds.
Warning: Simulation tolerance relaxed to achieve convergence from 1.0070441467810306e-02 to 1.0070441467810406e-02 seconds.
Warning: Simulation tolerance relaxed to achieve convergence from 1.0070441467815307e-02 to 1.0070441467815407e-02 seconds.
Warning: Simulation tolerance relaxed to achieve convergence from 1.0070441467816908e-02 to 1.0070441467817009e-02 seconds.
Warning: Simulation tolerance relaxed to achieve convergence from 1.0070441467820809e-02 to 1.0070441467820910e-02 seconds.
Warning: Simulation tolerance relaxed to achieve convergence from 1.0070441467823210e-02 to 1.0070441467823311e-02 seconds.
Warning: Simulation tolerance relaxed to achieve convergence from 1.0070441467824211e-02 to 1.0070441467824312e-02 seconds.
Warning: Simulation tolerance relaxed to achieve convergence from 1.0070441467833913e-02 to 1.0070441467834014e-02 seconds.
Warning: Simulation tolerance relaxed to achieve convergence from 1.0070441467834815e-02 to 1.0070441467834916e-02 seconds.
Warning: Simulation tolerance relaxed to achieve convergence from 1.0070441467836916e-02 to 1.0070441467837017e-02 seconds.
Warning: Simulation tolerance relaxed to achieve convergence from 1.0070441467840020e-02 to 1.0070441467840120e-02 seconds.
Warning: Simulation tolerance relaxed to achieve convergence from 1.0070441467846220e-02 to 1.0070441467846320e-02 seconds.
Warning: Simulation tolerance relaxed to achieve convergence from 1.0070441467852022e-02 to 1.0070441467852123e-02 seconds.
Warning: Simulation tolerance relaxed to achieve convergence from 1.0070441467852322e-02 to 1.0070441467852423e-02 seconds.
Warning: Simulation tolerance relaxed to achieve convergence from 1.0070441467862424e-02 to 1.0070441467862524e-02 seconds.
Warning: Simulation tolerance relaxed to achieve convergence from 1.0070441467862524e-02 to 1.0070441467862625e-02 seconds.
Warning: Simulation tolerance relaxed to achieve convergence from 1.0070441467863527e-02 to 1.0070441467863627e-02 seconds.
Warning: Simulation tolerance relaxed to achieve convergence from 1.0070441467865229e-02 to 1.0070441467865329e-02 seconds.
Warning: Simulation tolerance relaxed to achieve convergence from 1.0070441467874933e-02 to 1.0070441467875033e-02 seconds.
Warning: Simulation tolerance relaxed to achieve convergence from 1.0070441467891638e-02 to 1.0070441467891739e-02 seconds.
Warning: Simulation tolerance relaxed to achieve convergence from 1.0070441467896039e-02 to 1.0070441467896140e-02 seconds.
Warning: Simulation tolerance relaxed to achieve convergence from 1.0070441467899840e-02 to 1.0070441467899940e-02 seconds.
Warning: Simulation tolerance relaxed to achieve convergence from 1.0070441467900041e-02 to 1.0070441467900142e-02 seconds.
Warning: Simulation tolerance relaxed to achieve convergence from 1.0070441467905242e-02 to 1.0070441467905342e-02 seconds.
Warning: Simulation tolerance relaxed to achieve convergence from 1.0070441467905342e-02 to 1.0070441467905443e-02 seconds.
Warning: Simulation tolerance relaxed to achieve convergence from 1.0070441467920644e-02 to 1.0070441467920745e-02 seconds.
Warning: Simulation tolerance relaxed to achieve convergence from 1.0070441467920944e-02 to 1.0070441467921045e-02 seconds.
Warning: Simulation tolerance relaxed to achieve convergence from 1.0070441467923645e-02 to 1.0070441467923746e-02 seconds.
Warning: Simulation tolerance relaxed to achieve convergence from 1.0070441467931047e-02 to 1.0070441467931148e-02 seconds.
Warning: Simulation tolerance relaxed to achieve convergence from 1.0070441467934248e-02 to 1.0070441467934349e-02 seconds.
Warning: Simulation tolerance relaxed to achieve convergence from 1.0070441467937149e-02 to 1.0070441467937249e-02 seconds.
Warning: Simulation tolerance relaxed to achieve convergence from 1.0070441467937950e-02 to 1.0070441467938051e-02 seconds.
Warning: Simulation tolerance relaxed to achieve convergence from 1.0070441467938051e-02 to 1.0070441467938151e-02 seconds.
Warning: Simulation tolerance relaxed to achieve convergence from 1.0070441467940051e-02 to 1.0070441467940151e-02 seconds.
Warning: Simulation tolerance relaxed to achieve convergence from 1.0070441467941353e-02 to 1.0070441467941454e-02 seconds.
Warning: Simulation tolerance relaxed to achieve convergence from 1.0070441467947857e-02 to 1.0070441467947958e-02 seconds.
Warning: Simulation tolerance relaxed to achieve convergence from 1.0070441467948858e-02 to 1.0070441467948959e-02 seconds.
Warning: Simulation tolerance relaxed to achieve convergence from 1.0070441467949559e-02 to 1.0070441467949659e-02 seconds.
Warning: Simulation tolerance relaxed to achieve convergence from 1.0070441467958061e-02 to 1.0070441467958161e-02 seconds.
Warning: Simulation tolerance relaxed to achieve convergence from 1.0070441467963464e-02 to 1.0070441467963565e-02 seconds.
Warning: Simulation tolerance relaxed to achieve convergence from 1.0070441467970065e-02 to 1.0070441467970166e-02 seconds.
Warning: Simulation tolerance relaxed to achieve convergence from 1.0070441467978468e-02 to 1.0070441467978569e-02 seconds.
Warning: Simulation tolerance relaxed to achieve convergence from 1.0070441467981570e-02 to 1.0070441467981670e-02 seconds.
Warning: Simulation tolerance relaxed to achieve convergence from 1.0070441467983172e-02 to 1.0070441467983273e-02 seconds.
Warning: Simulation tolerance relaxed to achieve convergence from 1.0070441467984474e-02 to 1.0070441467984574e-02 seconds.
Warning: Simulation tolerance relaxed to achieve convergence from 1.0070441467994280e-02 to 1.0070441467994381e-02 seconds.
Warning: Simulation tolerance relaxed to achieve convergence from 1.0070441467996481e-02 to 1.0070441467996582e-02 seconds.
Warning: Simulation tolerance relaxed to achieve convergence from 1.0070441468013083e-02 to 1.0070441468013183e-02 seconds.
Warning: Simulation tolerance relaxed to achieve convergence from 1.0070441468023685e-02 to 1.0070441468023786e-02 seconds.
Warning: Simulation tolerance relaxed to achieve convergence from 1.0070441468025186e-02 to 1.0070441468025286e-02 seconds.
Warning: Simulation tolerance relaxed to achieve convergence from 1.0070441468025286e-02 to 1.0070441468025387e-02 seconds.
Warning: Simulation tolerance relaxed to achieve convergence from 1.0070441468027188e-02 to 1.0070441468027288e-02 seconds.
Warning: Simulation tolerance relaxed to achieve convergence from 1.0070441468027488e-02 to 1.0070441468027588e-02 seconds.
Warning: Simulation tolerance relaxed to achieve convergence from 1.0070441468027689e-02 to 1.0070441468027790e-02 seconds.
Warning: Simulation tolerance relaxed to achieve convergence from 1.0070441468028591e-02 to 1.0070441468028692e-02 seconds.
Warning: Simulation tolerance relaxed to achieve convergence from 1.0070441468029292e-02 to 1.0070441468029392e-02 seconds.
Warning: Simulation tolerance relaxed to achieve convergence from 1.0070441468035294e-02 to 1.0070441468035395e-02 seconds.
Warning: Simulation tolerance relaxed to achieve convergence from 1.0070441468055597e-02 to 1.0070441468055698e-02 seconds.
Warning: Simulation tolerance relaxed to achieve convergence from 1.0070441468066101e-02 to 1.0070441468066202e-02 seconds.
Warning: Simulation tolerance relaxed to achieve convergence from 1.0070441468080202e-02 to 1.0070441468080303e-02 seconds.
Warning: Simulation tolerance relaxed to achieve convergence from 1.0070441468082303e-02 to 1.0070441468082404e-02 seconds.
Warning: Simulation tolerance relaxed to achieve convergence from 1.0070441468082603e-02 to 1.0070441468082704e-02 seconds.
Warning: Simulation tolerance relaxed to achieve convergence from 1.0070441468087308e-02 to 1.0070441468087409e-02 seconds.
Warning: Simulation tolerance relaxed to achieve convergence from 1.0070441468088009e-02 to 1.0070441468088109e-02 seconds.
Warning: Simulation tolerance relaxed to achieve convergence from 1.0070441468099010e-02 to 1.0070441468099111e-02 seconds.
Warning: Simulation tolerance relaxed to achieve convergence from 1.0070441468101512e-02 to 1.0070441468101612e-02 seconds.
Warning: Simulation tolerance relaxed to achieve convergence from 1.0070441468101713e-02 to 1.0070441468101814e-02 seconds.
Warning: Simulation tolerance relaxed to achieve convergence from 1.0070441468104114e-02 to 1.0070441468104215e-02 seconds.
Warning: Simulation tolerance relaxed to achieve convergence from 1.0070441468128122e-02 to 1.0070441468128223e-02 seconds.
Warning: Simulation tolerance relaxed to achieve convergence from 1.0070441468129923e-02 to 1.0070441468130024e-02 seconds.
Warning: Simulation tolerance relaxed to achieve convergence from 1.0070441468134524e-02 to 1.0070441468134624e-02 seconds.
Warning: Simulation tolerance relaxed to achieve convergence from 1.0070441468136725e-02 to 1.0070441468136826e-02 seconds.
Warning: Simulation tolerance relaxed to achieve convergence from 1.0070441468140127e-02 to 1.0070441468140227e-02 seconds.
Warning: Simulation tolerance relaxed to achieve convergence from 1.0070441468148329e-02 to 1.0070441468148429e-02 seconds.
Warning: Simulation tolerance relaxed to achieve convergence from 1.0070441468150029e-02 to 1.0070441468150129e-02 seconds.
Warning: Simulation tolerance relaxed to achieve convergence from 1.0070441468156832e-02 to 1.0070441468156933e-02 seconds.
Warning: Simulation tolerance relaxed to achieve convergence from 1.0070441468163436e-02 to 1.0070441468163537e-02 seconds.
Warning: Simulation tolerance relaxed to achieve convergence from 1.0070441468176440e-02 to 1.0070441468176540e-02 seconds.
Warning: Simulation tolerance relaxed to achieve convergence from 1.0070441468177741e-02 to 1.0070441468177841e-02 seconds.
Warning: Simulation tolerance relaxed to achieve convergence from 1.0070441468193343e-02 to 1.0070441468193444e-02 seconds.
Warning: Simulation tolerance relaxed to achieve convergence from 1.0070441468193544e-02 to 1.0070441468193645e-02 seconds.
Warning: Simulation tolerance relaxed to achieve convergence from 1.0070441468200646e-02 to 1.0070441468200747e-02 seconds.
Warning: Simulation tolerance relaxed to achieve convergence from 1.0070441468211450e-02 to 1.0070441468211551e-02 seconds.
Warning: Simulation tolerance relaxed to achieve convergence from 1.0070441468213951e-02 to 1.0070441468214052e-02 seconds.
Warning: Simulation tolerance relaxed to achieve convergence from 1.0070441468214052e-02 to 1.0070441468214153e-02 seconds.
Warning: Simulation tolerance relaxed to achieve convergence from 1.0070441468223452e-02 to 1.0070441468223553e-02 seconds.
Warning: Simulation tolerance relaxed to achieve convergence from 1.0070441468239757e-02 to 1.0070441468239858e-02 seconds.
Warning: Simulation tolerance relaxed to achieve convergence from 1.0070441468252266e-02 to 1.0070441468252367e-02 seconds.
Warning: Simulation tolerance relaxed to achieve convergence from 1.0070441468252566e-02 to 1.0070441468252667e-02 seconds.
Warning: Simulation tolerance relaxed to achieve convergence from 1.0070441468258466e-02 to 1.0070441468258567e-02 seconds.
Warning: Simulation tolerance relaxed to achieve convergence from 1.0070441468258567e-02 to 1.0070441468258667e-02 seconds.
Warning: Simulation tolerance relaxed to achieve convergence from 1.0070441468267370e-02 to 1.0070441468267471e-02 seconds.
Warning: Simulation tolerance relaxed to achieve convergence from 1.0070441468280575e-02 to 1.0070441468280676e-02 seconds.
Warning: Simulation tolerance relaxed to achieve convergence from 1.0070441468280676e-02 to 1.0070441468280776e-02 seconds.
Warning: Simulation tolerance relaxed to achieve convergence from 1.0070441468281677e-02 to 1.0070441468281777e-02 seconds.
Warning: Simulation tolerance relaxed to achieve convergence from 1.0070441468281777e-02 to 1.0070441468281878e-02 seconds.
Warning: Simulation tolerance relaxed to achieve convergence from 1.0070441468281878e-02 to 1.0070441468281979e-02 seconds.
Warning: Simulation tolerance relaxed to achieve convergence from 1.0070441468297383e-02 to 1.0070441468297484e-02 seconds.
Warning: Simulation tolerance relaxed to achieve convergence from 1.0070441468303186e-02 to 1.0070441468303286e-02 seconds.
Warning: Simulation tolerance relaxed to achieve convergence from 1.0070441468309687e-02 to 1.0070441468309788e-02 seconds.
Warning: Simulation tolerance relaxed to achieve convergence from 1.0070441468310189e-02 to 1.0070441468310289e-02 seconds.
Warning: Simulation tolerance relaxed to achieve convergence from 1.0070441468310491e-02 to 1.0070441468310591e-02 seconds.
Warning: Simulation tolerance relaxed to achieve convergence from 1.0070441468310791e-02 to 1.0070441468310891e-02 seconds.
Warning: Simulation tolerance relaxed to achieve convergence from 1.0070441468325593e-02 to 1.0070441468325694e-02 seconds.
Warning: Simulation tolerance relaxed to achieve convergence from 1.0070441468325694e-02 to 1.0070441468325794e-02 seconds.
Warning: Simulation tolerance relaxed to achieve convergence from 1.0070441468325794e-02 to 1.0070441468325895e-02 seconds.
Warning: Simulation tolerance relaxed to achieve convergence from 1.0070441468339400e-02 to 1.0070441468339500e-02 seconds.
Warning: Simulation tolerance relaxed to achieve convergence from 1.0070441468342701e-02 to 1.0070441468342801e-02 seconds.
Warning: Simulation tolerance relaxed to achieve convergence from 1.0070441468343402e-02 to 1.0070441468343502e-02 seconds.
Warning: Simulation tolerance relaxed to achieve convergence from 1.0070441468367905e-02 to 1.0070441468368005e-02 seconds.
Warning: Simulation tolerance relaxed to achieve convergence from 1.0070441468372405e-02 to 1.0070441468372505e-02 seconds.
Warning: Simulation tolerance relaxed to achieve convergence from 1.0070441468374205e-02 to 1.0070441468374306e-02 seconds.
Warning: Simulation tolerance relaxed to achieve convergence from 1.0070441468378207e-02 to 1.0070441468378308e-02 seconds.
Warning: Simulation tolerance relaxed to achieve convergence from 1.0070441468410313e-02 to 1.0070441468410414e-02 seconds.
Warning: Simulation tolerance relaxed to achieve convergence from 1.0070441468433220e-02 to 1.0070441468433321e-02 seconds.
Warning: Simulation tolerance relaxed to achieve convergence from 1.0070441468433321e-02 to 1.0070441468433422e-02 seconds.
Warning: Simulation tolerance relaxed to achieve convergence from 1.0070441468434123e-02 to 1.0070441468434223e-02 seconds.
Warning: Simulation tolerance relaxed to achieve convergence from 1.0070441468434223e-02 to 1.0070441468434324e-02 seconds.
Warning: Simulation tolerance relaxed to achieve convergence from 1.0070441468446626e-02 to 1.0070441468446727e-02 seconds.
Warning: Simulation tolerance relaxed to achieve convergence from 1.0070441468455531e-02 to 1.0070441468455631e-02 seconds.
Warning: Simulation tolerance relaxed to achieve convergence from 1.0070441468459132e-02 to 1.0070441468459233e-02 seconds.
Warning: Simulation tolerance relaxed to achieve convergence from 1.0070441468464334e-02 to 1.0070441468464435e-02 seconds.
Warning: Simulation tolerance relaxed to achieve convergence from 1.0070441468464435e-02 to 1.0070441468464536e-02 seconds.
Warning: Simulation tolerance relaxed to achieve convergence from 1.0070441468468137e-02 to 1.0070441468468238e-02 seconds.
Warning: Simulation tolerance relaxed to achieve convergence from 1.0070441468470538e-02 to 1.0070441468470638e-02 seconds.
Warning: Simulation tolerance relaxed to achieve convergence from 1.0070441468471539e-02 to 1.0070441468471639e-02 seconds.
Warning: Simulation tolerance relaxed to achieve convergence from 1.0070441468475241e-02 to 1.0070441468475341e-02 seconds.
Warning: Simulation tolerance relaxed to achieve convergence from 1.0070441468479741e-02 to 1.0070441468479841e-02 seconds.
Warning: Simulation tolerance relaxed to achieve convergence from 1.0070441468493346e-02 to 1.0070441468493447e-02 seconds.
Warning: Simulation tolerance relaxed to achieve convergence from 1.0070441468497449e-02 to 1.0070441468497549e-02 seconds.
Warning: Simulation tolerance relaxed to achieve convergence from 1.0070441468497549e-02 to 1.0070441468497650e-02 seconds.
Warning: Simulation tolerance relaxed to achieve convergence from 1.0070441468503352e-02 to 1.0070441468503452e-02 seconds.
Warning: Simulation tolerance relaxed to achieve convergence from 1.0070441468507954e-02 to 1.0070441468508055e-02 seconds.
Warning: Simulation tolerance relaxed to achieve convergence from 1.0070441468508957e-02 to 1.0070441468509057e-02 seconds.
Warning: Simulation tolerance relaxed to achieve convergence from 1.0070441468516558e-02 to 1.0070441468516659e-02 seconds.
Warning: Simulation tolerance relaxed to achieve convergence from 1.0070441468516659e-02 to 1.0070441468516760e-02 seconds.
Warning: Simulation tolerance relaxed to achieve convergence from 1.0070441468539861e-02 to 1.0070441468539961e-02 seconds.
Warning: Simulation tolerance relaxed to achieve convergence from 1.0070441468547867e-02 to 1.0070441468547967e-02 seconds.
Warning: Simulation tolerance relaxed to achieve convergence from 1.0070441468548368e-02 to 1.0070441468548469e-02 seconds.
Warning: Simulation tolerance relaxed to achieve convergence from 1.0070441468554068e-02 to 1.0070441468554169e-02 seconds.
Warning: Simulation tolerance relaxed to achieve convergence from 1.0070441468554169e-02 to 1.0070441468554269e-02 seconds.
Warning: Simulation tolerance relaxed to achieve convergence from 1.0070441468555871e-02 to 1.0070441468555971e-02 seconds.
Warning: Simulation tolerance relaxed to achieve convergence from 1.0070441468556171e-02 to 1.0070441468556271e-02 seconds.
Warning: Simulation tolerance relaxed to achieve convergence from 1.0070441468557671e-02 to 1.0070441468557772e-02 seconds.
Warning: Simulation tolerance relaxed to achieve convergence from 1.0070441468558372e-02 to 1.0070441468558473e-02 seconds.
Warning: Simulation tolerance relaxed to achieve convergence from 1.0070441468563474e-02 to 1.0070441468563575e-02 seconds.
Warning: Simulation tolerance relaxed to achieve convergence from 1.0070441468564974e-02 to 1.0070441468565075e-02 seconds.
Warning: Simulation tolerance relaxed to achieve convergence from 1.0070441468580675e-02 to 1.0070441468580776e-02 seconds.
Warning: Simulation tolerance relaxed to achieve convergence from 1.0070441468592078e-02 to 1.0070441468592178e-02 seconds.
Warning: Simulation tolerance relaxed to achieve convergence from 1.0070441468592579e-02 to 1.0070441468592680e-02 seconds.
Warning: Simulation tolerance relaxed to achieve convergence from 1.0070441468604779e-02 to 1.0070441468604880e-02 seconds.
Warning: Simulation tolerance relaxed to achieve convergence from 1.0070441468604981e-02 to 1.0070441468605081e-02 seconds.
Warning: Simulation tolerance relaxed to achieve convergence from 1.0070441468605081e-02 to 1.0070441468605182e-02 seconds.
Warning: Simulation tolerance relaxed to achieve convergence from 1.0070441468615583e-02 to 1.0070441468615684e-02 seconds.
Warning: Simulation tolerance relaxed to achieve convergence from 1.0070441468622789e-02 to 1.0070441468622890e-02 seconds.
Warning: Simulation tolerance relaxed to achieve convergence from 1.0070441468633791e-02 to 1.0070441468633892e-02 seconds.
Warning: Simulation tolerance relaxed to achieve convergence from 1.0070441468637392e-02 to 1.0070441468637493e-02 seconds.
Warning: Simulation tolerance relaxed to achieve convergence from 1.0070441468653499e-02 to 1.0070441468653600e-02 seconds.
Warning: Simulation tolerance relaxed to achieve convergence from 1.0070441468664402e-02 to 1.0070441468664502e-02 seconds.
Warning: Simulation tolerance relaxed to achieve convergence from 1.0070441468667805e-02 to 1.0070441468667906e-02 seconds.
Warning: Simulation tolerance relaxed to achieve convergence from 1.0070441468683407e-02 to 1.0070441468683508e-02 seconds.
Warning: Simulation tolerance relaxed to achieve convergence from 1.0070441468685909e-02 to 1.0070441468686010e-02 seconds.
Warning: Simulation tolerance relaxed to achieve convergence from 1.0070441468698210e-02 to 1.0070441468698310e-02 seconds.
Warning: Simulation tolerance relaxed to achieve convergence from 1.0070441468701513e-02 to 1.0070441468701613e-02 seconds.
Warning: Simulation tolerance relaxed to achieve convergence from 1.0070441468722716e-02 to 1.0070441468722817e-02 seconds.
Warning: Simulation tolerance relaxed to achieve convergence from 1.0070441468727619e-02 to 1.0070441468727719e-02 seconds.
Warning: Simulation tolerance relaxed to achieve convergence from 1.0070441468727919e-02 to 1.0070441468728019e-02 seconds.
Warning: Simulation tolerance relaxed to achieve convergence from 1.0070441468736620e-02 to 1.0070441468736721e-02 seconds.
Warning: Simulation tolerance relaxed to achieve convergence from 1.0070441468738721e-02 to 1.0070441468738821e-02 seconds.
Warning: Simulation tolerance relaxed to achieve convergence from 1.0070441468742022e-02 to 1.0070441468742123e-02 seconds.
Warning: Simulation tolerance relaxed to achieve convergence from 1.0070441468756828e-02 to 1.0070441468756929e-02 seconds.
Warning: Simulation tolerance relaxed to achieve convergence from 1.0070441468762528e-02 to 1.0070441468762629e-02 seconds.
Warning: Simulation tolerance relaxed to achieve convergence from 1.0070441468781433e-02 to 1.0070441468781534e-02 seconds.
Warning: Simulation tolerance relaxed to achieve convergence from 1.0070441468784833e-02 to 1.0070441468784934e-02 seconds.
Warning: Simulation tolerance relaxed to achieve convergence from 1.0070441468785534e-02 to 1.0070441468785635e-02 seconds.
Warning: Simulation tolerance relaxed to achieve convergence from 1.0070441468785935e-02 to 1.0070441468786035e-02 seconds.
Warning: Simulation tolerance relaxed to achieve convergence from 1.0070441468792036e-02 to 1.0070441468792136e-02 seconds.
Warning: Simulation tolerance relaxed to achieve convergence from 1.0070441468811640e-02 to 1.0070441468811741e-02 seconds.
Warning: Simulation tolerance relaxed to achieve convergence from 1.0070441468816541e-02 to 1.0070441468816641e-02 seconds.
Warning: Simulation tolerance relaxed to achieve convergence from 1.0070441468819342e-02 to 1.0070441468819443e-02 seconds.
Warning: Simulation tolerance relaxed to achieve convergence from 1.0070441468820144e-02 to 1.0070441468820244e-02 seconds.
Warning: Simulation tolerance relaxed to achieve convergence from 1.0070441468831345e-02 to 1.0070441468831445e-02 seconds.
Warning: Simulation tolerance relaxed to achieve convergence from 1.0070441468843746e-02 to 1.0070441468843847e-02 seconds.
Warning: Simulation tolerance relaxed to achieve convergence from 1.0070441468865647e-02 to 1.0070441468865748e-02 seconds.
Warning: Simulation tolerance relaxed to achieve convergence from 1.0070441468868849e-02 to 1.0070441468868950e-02 seconds.
Warning: Simulation tolerance relaxed to achieve convergence from 1.0070441468894452e-02 to 1.0070441468894553e-02 seconds.
Warning: Simulation tolerance relaxed to achieve convergence from 1.0070441468897554e-02 to 1.0070441468897654e-02 seconds.
Warning: Simulation tolerance relaxed to achieve convergence from 1.0070441468899254e-02 to 1.0070441468899355e-02 seconds.
Warning: Simulation tolerance relaxed to achieve convergence from 1.0070441468901355e-02 to 1.0070441468901455e-02 seconds.
Warning: Simulation tolerance relaxed to achieve convergence from 1.0070441468925460e-02 to 1.0070441468925561e-02 seconds.
Warning: Simulation tolerance relaxed to achieve convergence from 1.0070441468926161e-02 to 1.0070441468926262e-02 seconds.
Warning: Simulation tolerance relaxed to achieve convergence from 1.0070441468927662e-02 to 1.0070441468927762e-02 seconds.
Warning: Simulation tolerance relaxed to achieve convergence from 1.0070441468930562e-02 to 1.0070441468930663e-02 seconds.
Warning: Simulation tolerance relaxed to achieve convergence from 1.0070441468944164e-02 to 1.0070441468944265e-02 seconds.
Warning: Simulation tolerance relaxed to achieve convergence from 1.0070441468944464e-02 to 1.0070441468944565e-02 seconds.
Warning: Simulation tolerance relaxed to achieve convergence from 1.0070441468948865e-02 to 1.0070441468948966e-02 seconds.
Warning: Simulation tolerance relaxed to achieve convergence from 1.0070441468952467e-02 to 1.0070441468952567e-02 seconds.
Warning: Simulation tolerance relaxed to achieve convergence from 1.0070441468963168e-02 to 1.0070441468963269e-02 seconds.
Warning: Simulation tolerance relaxed to achieve convergence from 1.0070441468969571e-02 to 1.0070441468969672e-02 seconds.
Warning: Simulation tolerance relaxed to achieve convergence from 1.0070441468980573e-02 to 1.0070441468980673e-02 seconds.
Warning: Simulation tolerance relaxed to achieve convergence from 1.0070441468987374e-02 to 1.0070441468987475e-02 seconds.
Warning: Simulation tolerance relaxed to achieve convergence from 1.0070441468987675e-02 to 1.0070441468987775e-02 seconds.
Warning: Simulation tolerance relaxed to achieve convergence from 1.0070441468990075e-02 to 1.0070441468990176e-02 seconds.
Warning: Simulation tolerance relaxed to achieve convergence from 1.0070441468992176e-02 to 1.0070441468992277e-02 seconds.
Warning: Simulation tolerance relaxed to achieve convergence from 1.0070441469049181e-02 to 1.0070441469049281e-02 seconds.
Warning: Simulation tolerance relaxed to achieve convergence from 1.0070441469057785e-02 to 1.0070441469057886e-02 seconds.
Warning: Simulation tolerance relaxed to achieve convergence from 1.0070441469065888e-02 to 1.0070441469065989e-02 seconds.
Warning: Simulation tolerance relaxed to achieve convergence from 1.0070441469072090e-02 to 1.0070441469072190e-02 seconds.
Warning: Simulation tolerance relaxed to achieve convergence from 1.0070441469072190e-02 to 1.0070441469072291e-02 seconds.
Warning: Simulation tolerance relaxed to achieve convergence from 1.0070441469083691e-02 to 1.0070441469083792e-02 seconds.
Warning: Simulation tolerance relaxed to achieve convergence from 1.0070441469095394e-02 to 1.0070441469095495e-02 seconds.
Warning: Simulation tolerance relaxed to achieve convergence from 1.0070441469102496e-02 to 1.0070441469102596e-02 seconds.
Warning: Simulation tolerance relaxed to achieve convergence from 1.0070441469109497e-02 to 1.0070441469109598e-02 seconds.
Warning: Simulation tolerance relaxed to achieve convergence from 1.0070441469124700e-02 to 1.0070441469124801e-02 seconds.
Warning: Simulation tolerance relaxed to achieve convergence from 1.0070441469165005e-02 to 1.0070441469165105e-02 seconds.
Warning: Simulation tolerance relaxed to achieve convergence from 1.0070441469168906e-02 to 1.0070441469169007e-02 seconds.
Warning: Simulation tolerance relaxed to achieve convergence from 1.0070441469196710e-02 to 1.0070441469196811e-02 seconds.
Warning: Simulation tolerance relaxed to achieve convergence from 1.0070441469198410e-02 to 1.0070441469198511e-02 seconds.
Warning: Simulation tolerance relaxed to achieve convergence from 1.0070441469220915e-02 to 1.0070441469221016e-02 seconds.
Warning: Simulation tolerance relaxed to achieve convergence from 1.0070441469221016e-02 to 1.0070441469221116e-02 seconds.
Warning: Simulation tolerance relaxed to achieve convergence from 1.0070441469236217e-02 to 1.0070441469236318e-02 seconds.
Warning: Simulation tolerance relaxed to achieve convergence from 1.0070441469240519e-02 to 1.0070441469240620e-02 seconds.
Warning: Simulation tolerance relaxed to achieve convergence from 1.0070441469250322e-02 to 1.0070441469250423e-02 seconds.
Warning: Simulation tolerance relaxed to achieve convergence from 1.0070441469253823e-02 to 1.0070441469253923e-02 seconds.
Warning: Simulation tolerance relaxed to achieve convergence from 1.0070441469264226e-02 to 1.0070441469264326e-02 seconds.
Warning: Simulation tolerance relaxed to achieve convergence from 1.0070441469279427e-02 to 1.0070441469279528e-02 seconds.
Warning: Simulation tolerance relaxed to achieve convergence from 1.0070441469285128e-02 to 1.0070441469285228e-02 seconds.
Warning: Simulation tolerance relaxed to achieve convergence from 1.0070441469286828e-02 to 1.0070441469286928e-02 seconds.
Warning: Simulation tolerance relaxed to achieve convergence from 1.0070441469297430e-02 to 1.0070441469297531e-02 seconds.
Warning: Simulation tolerance relaxed to achieve convergence from 1.0070441469326733e-02 to 1.0070441469326834e-02 seconds.
Warning: Simulation tolerance relaxed to achieve convergence from 1.0070441469329535e-02 to 1.0070441469329635e-02 seconds.
Warning: Simulation tolerance relaxed to achieve convergence from 1.0070441469376645e-02 to 1.0070441469376745e-02 seconds.
Warning: Simulation tolerance relaxed to achieve convergence from 1.0070441469400752e-02 to 1.0070441469400853e-02 seconds.
Warning: Simulation tolerance relaxed to achieve convergence from 1.0070441469403953e-02 to 1.0070441469404053e-02 seconds.
Warning: Simulation tolerance relaxed to achieve convergence from 1.0070441469434857e-02 to 1.0070441469434957e-02 seconds.
Warning: Simulation tolerance relaxed to achieve convergence from 1.0070441469451061e-02 to 1.0070441469451161e-02 seconds.
Warning: Simulation tolerance relaxed to achieve convergence from 1.0070441469455561e-02 to 1.0070441469455661e-02 seconds.
Warning: Simulation tolerance relaxed to achieve convergence from 1.0070441469455661e-02 to 1.0070441469455762e-02 seconds.
Warning: Simulation tolerance relaxed to achieve convergence from 1.0070441469461263e-02 to 1.0070441469461363e-02 seconds.
Warning: Simulation tolerance relaxed to achieve convergence from 1.0070441469474065e-02 to 1.0070441469474166e-02 seconds.
Warning: Simulation tolerance relaxed to achieve convergence from 1.0070441469479965e-02 to 1.0070441469480065e-02 seconds.
Warning: Simulation tolerance relaxed to achieve convergence from 1.0070441469494968e-02 to 1.0070441469495069e-02 seconds.
Warning: Simulation tolerance relaxed to achieve convergence from 1.0070441469504671e-02 to 1.0070441469504771e-02 seconds.
Warning: Simulation tolerance relaxed to achieve convergence from 1.0070441469515171e-02 to 1.0070441469515272e-02 seconds.
Warning: Simulation tolerance relaxed to achieve convergence from 1.0070441469531774e-02 to 1.0070441469531875e-02 seconds.
Warning: Simulation tolerance relaxed to achieve convergence from 1.0070441469533774e-02 to 1.0070441469533875e-02 seconds.
Warning: Simulation tolerance relaxed to achieve convergence from 1.0070441469548077e-02 to 1.0070441469548178e-02 seconds.
Warning: Simulation tolerance relaxed to achieve convergence from 1.0070441469553779e-02 to 1.0070441469553880e-02 seconds.
Warning: Simulation tolerance relaxed to achieve convergence from 1.0070441469557281e-02 to 1.0070441469557382e-02 seconds.
Warning: Simulation tolerance relaxed to achieve convergence from 1.0070441469565383e-02 to 1.0070441469565483e-02 seconds.
Warning: Simulation tolerance relaxed to achieve convergence from 1.0070441469566184e-02 to 1.0070441469566285e-02 seconds.
Warning: Simulation tolerance relaxed to achieve convergence from 1.0070441469571785e-02 to 1.0070441469571886e-02 seconds.
Warning: Simulation tolerance relaxed to achieve convergence from 1.0070441469586187e-02 to 1.0070441469586288e-02 seconds.
Warning: Simulation tolerance relaxed to achieve convergence from 1.0070441469593688e-02 to 1.0070441469593789e-02 seconds.
Warning: Simulation tolerance relaxed to achieve convergence from 1.0070441469630494e-02 to 1.0070441469630594e-02 seconds.
Warning: Simulation tolerance relaxed to achieve convergence from 1.0070441469631994e-02 to 1.0070441469632095e-02 seconds.
Warning: Simulation tolerance relaxed to achieve convergence from 1.0070441469645294e-02 to 1.0070441469645395e-02 seconds.
Warning: Simulation tolerance relaxed to achieve convergence from 1.0070441469652898e-02 to 1.0070441469652998e-02 seconds.
Warning: Simulation tolerance relaxed to achieve convergence from 1.0070441469686900e-02 to 1.0070441469687001e-02 seconds.
Warning: Simulation tolerance relaxed to achieve convergence from 1.0070441469687200e-02 to 1.0070441469687301e-02 seconds.
Warning: Simulation tolerance relaxed to achieve convergence from 1.0070441469731205e-02 to 1.0070441469731305e-02 seconds.
Warning: Simulation tolerance relaxed to achieve convergence from 1.0070441469731505e-02 to 1.0070441469731605e-02 seconds.
Warning: Simulation tolerance relaxed to achieve convergence from 1.0070441469743608e-02 to 1.0070441469743709e-02 seconds.
Warning: Simulation tolerance relaxed to achieve convergence from 1.0070441469760810e-02 to 1.0070441469760910e-02 seconds.
Warning: Simulation tolerance relaxed to achieve convergence from 1.0070441469768812e-02 to 1.0070441469768912e-02 seconds.
Warning: Simulation tolerance relaxed to achieve convergence from 1.0070441469787014e-02 to 1.0070441469787115e-02 seconds.
Warning: Simulation tolerance relaxed to achieve convergence from 1.0070441469801615e-02 to 1.0070441469801716e-02 seconds.
Warning: Simulation tolerance relaxed to achieve convergence from 1.0070441469812818e-02 to 1.0070441469812919e-02 seconds.
Warning: Simulation tolerance relaxed to achieve convergence from 1.0070441469833822e-02 to 1.0070441469833923e-02 seconds.
Warning: Simulation tolerance relaxed to achieve convergence from 1.0070441469839823e-02 to 1.0070441469839923e-02 seconds.
Warning: Simulation tolerance relaxed to achieve convergence from 1.0070441469844824e-02 to 1.0070441469844925e-02 seconds.
Warning: Simulation tolerance relaxed to achieve convergence from 1.0070441469849725e-02 to 1.0070441469849825e-02 seconds.
Warning: Simulation tolerance relaxed to achieve convergence from 1.0070441469852627e-02 to 1.0070441469852727e-02 seconds.
Warning: Simulation tolerance relaxed to achieve convergence from 1.0070441469858029e-02 to 1.0070441469858129e-02 seconds.
Warning: Simulation tolerance relaxed to achieve convergence from 1.0070441469878334e-02 to 1.0070441469878434e-02 seconds.
Warning: Simulation tolerance relaxed to achieve convergence from 1.0070441469878535e-02 to 1.0070441469878635e-02 seconds.
Warning: Simulation tolerance relaxed to achieve convergence from 1.0070441469878835e-02 to 1.0070441469878936e-02 seconds.
Warning: Simulation tolerance relaxed to achieve convergence from 1.0070441469903638e-02 to 1.0070441469903739e-02 seconds.
Warning: Simulation tolerance relaxed to achieve convergence from 1.0070441469951539e-02 to 1.0070441469951640e-02 seconds.
Warning: Simulation tolerance relaxed to achieve convergence from 1.0070441469991150e-02 to 1.0070441469991250e-02 seconds.
Warning: Simulation tolerance relaxed to achieve convergence from 1.0070441470009352e-02 to 1.0070441470009453e-02 seconds.
Warning: Simulation tolerance relaxed to achieve convergence from 1.0070441470016255e-02 to 1.0070441470016355e-02 seconds.
Warning: Simulation tolerance relaxed to achieve convergence from 1.0070441470056963e-02 to 1.0070441470057064e-02 seconds.
Warning: Simulation tolerance relaxed to achieve convergence from 1.0070441470094267e-02 to 1.0070441470094367e-02 seconds.
Warning: Simulation tolerance relaxed to achieve convergence from 1.0070441470103169e-02 to 1.0070441470103270e-02 seconds.
Warning: Simulation tolerance relaxed to achieve convergence from 1.0070441470103371e-02 to 1.0070441470103471e-02 seconds.
Warning: Simulation tolerance relaxed to achieve convergence from 1.0070441470103771e-02 to 1.0070441470103872e-02 seconds.
Warning: Simulation tolerance relaxed to achieve convergence from 1.0070441470142381e-02 to 1.0070441470142482e-02 seconds.
Warning: Simulation tolerance relaxed to achieve convergence from 1.0070441470165186e-02 to 1.0070441470165286e-02 seconds.
Warning: Simulation tolerance relaxed to achieve convergence from 1.0070441470167286e-02 to 1.0070441470167387e-02 seconds.
Warning: Simulation tolerance relaxed to achieve convergence from 1.0070441470195689e-02 to 1.0070441470195790e-02 seconds.
Warning: Simulation tolerance relaxed to achieve convergence from 1.0070441470206991e-02 to 1.0070441470207091e-02 seconds.
Warning: Simulation tolerance relaxed to achieve convergence from 1.0070441470209492e-02 to 1.0070441470209593e-02 seconds.
Warning: Simulation tolerance relaxed to achieve convergence from 1.0070441470212995e-02 to 1.0070441470213095e-02 seconds.
Warning: Simulation tolerance relaxed to achieve convergence from 1.0070441470252201e-02 to 1.0070441470252302e-02 seconds.
Warning: Simulation tolerance relaxed to achieve convergence from 1.0070441470264502e-02 to 1.0070441470264603e-02 seconds.
Warning: Simulation tolerance relaxed to achieve convergence from 1.0070441470281204e-02 to 1.0070441470281305e-02 seconds.
Warning: Simulation tolerance relaxed to achieve convergence from 1.0070441470293205e-02 to 1.0070441470293305e-02 seconds.
Warning: Simulation tolerance relaxed to achieve convergence from 1.0070441470322910e-02 to 1.0070441470323011e-02 seconds.
Warning: Simulation tolerance relaxed to achieve convergence from 1.0070441470323911e-02 to 1.0070441470324012e-02 seconds.
Warning: Simulation tolerance relaxed to achieve convergence from 1.0070441470373618e-02 to 1.0070441470373719e-02 seconds.
Warning: Simulation tolerance relaxed to achieve convergence from 1.0070441470433627e-02 to 1.0070441470433728e-02 seconds.
Warning: Simulation tolerance relaxed to achieve convergence from 1.0070441470467229e-02 to 1.0070441470467329e-02 seconds.
Warning: Simulation tolerance relaxed to achieve convergence from 1.0070441470497033e-02 to 1.0070441470497134e-02 seconds.
Warning: Simulation tolerance relaxed to achieve convergence from 1.0070441470525035e-02 to 1.0070441470525136e-02 seconds.
Warning: Simulation tolerance relaxed to achieve convergence from 1.0070441470526036e-02 to 1.0070441470526137e-02 seconds.
Warning: Simulation tolerance relaxed to achieve convergence from 1.0070441470545838e-02 to 1.0070441470545938e-02 seconds.
Warning: Simulation tolerance relaxed to achieve convergence from 1.0070441470564143e-02 to 1.0070441470564243e-02 seconds.
Warning: Simulation tolerance relaxed to achieve convergence from 1.0070441470588942e-02 to 1.0070441470589043e-02 seconds.
Warning: Simulation tolerance relaxed to achieve convergence from 1.0070441470625047e-02 to 1.0070441470625148e-02 seconds.
Warning: Simulation tolerance relaxed to achieve convergence from 1.0070441470625148e-02 to 1.0070441470625248e-02 seconds.
Warning: Simulation tolerance relaxed to achieve convergence from 1.0070441470671950e-02 to 1.0070441470672051e-02 seconds.
Warning: Simulation tolerance relaxed to achieve convergence from 1.0070441470730556e-02 to 1.0070441470730657e-02 seconds.
Warning: Simulation tolerance relaxed to achieve convergence from 1.0070441470745461e-02 to 1.0070441470745562e-02 seconds.
Warning: Simulation tolerance relaxed to achieve convergence from 1.0070441470775262e-02 to 1.0070441470775363e-02 seconds.
Warning: Simulation tolerance relaxed to achieve convergence from 1.0070441470792063e-02 to 1.0070441470792163e-02 seconds.
Warning: Simulation tolerance relaxed to achieve convergence from 1.0070441470795864e-02 to 1.0070441470795964e-02 seconds.
Warning: Simulation tolerance relaxed to achieve convergence from 1.0070441470821669e-02 to 1.0070441470821770e-02 seconds.
Warning: Simulation tolerance relaxed to achieve convergence from 1.0070441470890975e-02 to 1.0070441470891076e-02 seconds.
Warning: Simulation tolerance relaxed to achieve convergence from 1.0070441470908378e-02 to 1.0070441470908478e-02 seconds.
Warning: Simulation tolerance relaxed to achieve convergence from 1.0070441470910579e-02 to 1.0070441470910680e-02 seconds.
Warning: Simulation tolerance relaxed to achieve convergence from 1.0070441470927781e-02 to 1.0070441470927881e-02 seconds.
Warning: Simulation tolerance relaxed to achieve convergence from 1.0070441470927982e-02 to 1.0070441470928082e-02 seconds.
Warning: Simulation tolerance relaxed to achieve convergence from 1.0070441470935585e-02 to 1.0070441470935686e-02 seconds.
Warning: Simulation tolerance relaxed to achieve convergence from 1.0070441470948387e-02 to 1.0070441470948488e-02 seconds.
Warning: Simulation tolerance relaxed to achieve convergence from 1.0070441470948687e-02 to 1.0070441470948788e-02 seconds.
Warning: Simulation tolerance relaxed to achieve convergence from 1.0070441470969992e-02 to 1.0070441470970092e-02 seconds.
Warning: Simulation tolerance relaxed to achieve convergence from 1.0070441470994998e-02 to 1.0070441470995098e-02 seconds.
Warning: Simulation tolerance relaxed to achieve convergence from 1.0070441470995098e-02 to 1.0070441470995199e-02 seconds.
Warning: Simulation tolerance relaxed to achieve convergence from 1.0070441471012100e-02 to 1.0070441471012201e-02 seconds.
Warning: Simulation tolerance relaxed to achieve convergence from 1.0070441471016402e-02 to 1.0070441471016503e-02 seconds.
Warning: Simulation tolerance relaxed to achieve convergence from 1.0070441471081113e-02 to 1.0070441471081213e-02 seconds.
Warning: Simulation tolerance relaxed to achieve convergence from 1.0070441471095815e-02 to 1.0070441471095915e-02 seconds.
Warning: Simulation tolerance relaxed to achieve convergence from 1.0070441471106620e-02 to 1.0070441471106721e-02 seconds.
Warning: Simulation tolerance relaxed to achieve convergence from 1.0070441471151027e-02 to 1.0070441471151128e-02 seconds.
Warning: Simulation tolerance relaxed to achieve convergence from 1.0070441471171129e-02 to 1.0070441471171230e-02 seconds.
Warning: Simulation tolerance relaxed to achieve convergence from 1.0070441471181333e-02 to 1.0070441471181434e-02 seconds.
Warning: Simulation tolerance relaxed to achieve convergence from 1.0070441471209737e-02 to 1.0070441471209838e-02 seconds.
Warning: Simulation tolerance relaxed to achieve convergence from 1.0070441471215339e-02 to 1.0070441471215439e-02 seconds.
Warning: Simulation tolerance relaxed to achieve convergence from 1.0070441471215639e-02 to 1.0070441471215739e-02 seconds.
Warning: Simulation tolerance relaxed to achieve convergence from 1.0070441471226640e-02 to 1.0070441471226741e-02 seconds.
Warning: Simulation tolerance relaxed to achieve convergence from 1.0070441471226741e-02 to 1.0070441471226842e-02 seconds.
Warning: Simulation tolerance relaxed to achieve convergence from 1.0070441471237942e-02 to 1.0070441471238043e-02 seconds.
Warning: Simulation tolerance relaxed to achieve convergence from 1.0070441471247844e-02 to 1.0070441471247945e-02 seconds.
Warning: Simulation tolerance relaxed to achieve convergence from 1.0070441471267547e-02 to 1.0070441471267648e-02 seconds.
Warning: Simulation tolerance relaxed to achieve convergence from 1.0070441471308452e-02 to 1.0070441471308552e-02 seconds.
Warning: Simulation tolerance relaxed to achieve convergence from 1.0070441471312853e-02 to 1.0070441471312953e-02 seconds.
Warning: Simulation tolerance relaxed to achieve convergence from 1.0070441471313253e-02 to 1.0070441471313354e-02 seconds.
Warning: Simulation tolerance relaxed to achieve convergence from 1.0070441471342754e-02 to 1.0070441471342855e-02 seconds.
Warning: Simulation tolerance relaxed to achieve convergence from 1.0070441471362556e-02 to 1.0070441471362657e-02 seconds.
Warning: Simulation tolerance relaxed to achieve convergence from 1.0070441471372357e-02 to 1.0070441471372458e-02 seconds.
Warning: Simulation tolerance relaxed to achieve convergence from 1.0070441471377058e-02 to 1.0070441471377159e-02 seconds.
Warning: Simulation tolerance relaxed to achieve convergence from 1.0070441471378559e-02 to 1.0070441471378659e-02 seconds.
Warning: Simulation tolerance relaxed to achieve convergence from 1.0070441471385659e-02 to 1.0070441471385760e-02 seconds.
Warning: Simulation tolerance relaxed to achieve convergence from 1.0070441471386360e-02 to 1.0070441471386461e-02 seconds.
Warning: Simulation tolerance relaxed to achieve convergence from 1.0070441471401863e-02 to 1.0070441471401964e-02 seconds.
Warning: Simulation tolerance relaxed to achieve convergence from 1.0070441471407465e-02 to 1.0070441471407565e-02 seconds.
Warning: Simulation tolerance relaxed to achieve convergence from 1.0070441471411166e-02 to 1.0070441471411267e-02 seconds.
Warning: Simulation tolerance relaxed to achieve convergence from 1.0070441471414667e-02 to 1.0070441471414768e-02 seconds.
Warning: Simulation tolerance relaxed to achieve convergence from 1.0070441471421271e-02 to 1.0070441471421372e-02 seconds.
Warning: Simulation tolerance relaxed to achieve convergence from 1.0070441471428373e-02 to 1.0070441471428474e-02 seconds.
Warning: Simulation tolerance relaxed to achieve convergence from 1.0070441471440577e-02 to 1.0070441471440678e-02 seconds.
Warning: Simulation tolerance relaxed to achieve convergence from 1.0070441471442378e-02 to 1.0070441471442478e-02 seconds.
Warning: Simulation tolerance relaxed to achieve convergence from 1.0070441471523485e-02 to 1.0070441471523585e-02 seconds.
Warning: Simulation tolerance relaxed to achieve convergence from 1.0070441471530991e-02 to 1.0070441471531091e-02 seconds.
Warning: Simulation tolerance relaxed to achieve convergence from 1.0070441471536695e-02 to 1.0070441471536795e-02 seconds.
Warning: Simulation tolerance relaxed to achieve convergence from 1.0070441471585203e-02 to 1.0070441471585303e-02 seconds.
Warning: Simulation tolerance relaxed to achieve convergence from 1.0070441471649906e-02 to 1.0070441471650007e-02 seconds.
Warning: Simulation tolerance relaxed to achieve convergence from 1.0070441471744716e-02 to 1.0070441471744816e-02 seconds.
Warning: Simulation tolerance relaxed to achieve convergence from 1.0070441471854220e-02 to 1.0070441471854321e-02 seconds.
Warning: Simulation tolerance relaxed to achieve convergence from 1.0070441471874723e-02 to 1.0070441471874823e-02 seconds.
Warning: Simulation tolerance relaxed to achieve convergence from 1.0070441471882824e-02 to 1.0070441471882925e-02 seconds.
Warning: Simulation tolerance relaxed to achieve convergence from 1.0070441471938932e-02 to 1.0070441471939032e-02 seconds.
Warning: Simulation tolerance relaxed to achieve convergence from 1.0070441471965534e-02 to 1.0070441471965634e-02 seconds.
Warning: Simulation tolerance relaxed to achieve convergence from 1.0070441471980836e-02 to 1.0070441471980936e-02 seconds.
Warning: Simulation tolerance relaxed to achieve convergence from 1.0070441471996937e-02 to 1.0070441471997038e-02 seconds.
Warning: Simulation tolerance relaxed to achieve convergence from 1.0070441472004340e-02 to 1.0070441472004440e-02 seconds.
Warning: Simulation tolerance relaxed to achieve convergence from 1.0070441472007840e-02 to 1.0070441472007941e-02 seconds.
Warning: Simulation tolerance relaxed to achieve convergence from 1.0070441472021041e-02 to 1.0070441472021142e-02 seconds.
Warning: Simulation tolerance relaxed to achieve convergence from 1.0070441472071550e-02 to 1.0070441472071650e-02 seconds.
Warning: Simulation tolerance relaxed to achieve convergence from 1.0070441472075250e-02 to 1.0070441472075350e-02 seconds.
Warning: Simulation tolerance relaxed to achieve convergence from 1.0070441472148760e-02 to 1.0070441472148861e-02 seconds.
Warning: Simulation tolerance relaxed to achieve convergence from 1.0070441472155264e-02 to 1.0070441472155365e-02 seconds.
Warning: Simulation tolerance relaxed to achieve convergence from 1.0070441472177965e-02 to 1.0070441472178065e-02 seconds.
Warning: Simulation tolerance relaxed to achieve convergence from 1.0070441472252872e-02 to 1.0070441472252972e-02 seconds.
Warning: Simulation tolerance relaxed to achieve convergence from 1.0070441472436693e-02 to 1.0070441472436794e-02 seconds.
Warning: Simulation tolerance relaxed to achieve convergence from 1.0070441472448394e-02 to 1.0070441472448495e-02 seconds.
Warning: Simulation tolerance relaxed to achieve convergence from 1.0070441472454696e-02 to 1.0070441472454797e-02 seconds.
Warning: Simulation tolerance relaxed to achieve convergence from 1.0070441472459698e-02 to 1.0070441472459798e-02 seconds.
Warning: Simulation tolerance relaxed to achieve convergence from 1.0070441472465599e-02 to 1.0070441472465700e-02 seconds.
Warning: Simulation tolerance relaxed to achieve convergence from 1.0070441472493204e-02 to 1.0070441472493304e-02 seconds.
Warning: Simulation tolerance relaxed to achieve convergence from 1.0070441472520706e-02 to 1.0070441472520807e-02 seconds.
Warning: Simulation tolerance relaxed to achieve convergence from 1.0070441472523907e-02 to 1.0070441472524007e-02 seconds.
Warning: Simulation tolerance relaxed to achieve convergence from 1.0070441472582816e-02 to 1.0070441472582917e-02 seconds.
Warning: Simulation tolerance relaxed to achieve convergence from 1.0070441472597421e-02 to 1.0070441472597521e-02 seconds.
Warning: Simulation tolerance relaxed to achieve convergence from 1.0070441472632726e-02 to 1.0070441472632826e-02 seconds.
Warning: Simulation tolerance relaxed to achieve convergence from 1.0070441472645927e-02 to 1.0070441472646028e-02 seconds.
Warning: Simulation tolerance relaxed to achieve convergence from 1.0070441472652628e-02 to 1.0070441472652729e-02 seconds.
Warning: Simulation tolerance relaxed to achieve convergence from 1.0070441472703535e-02 to 1.0070441472703636e-02 seconds.
Warning: Simulation tolerance relaxed to achieve convergence from 1.0070441472724439e-02 to 1.0070441472724539e-02 seconds.
Warning: Simulation tolerance relaxed to achieve convergence from 1.0070441472741044e-02 to 1.0070441472741144e-02 seconds.
Warning: Simulation tolerance relaxed to achieve convergence from 1.0070441472744544e-02 to 1.0070441472744645e-02 seconds.
Warning: Simulation tolerance relaxed to achieve convergence from 1.0070441472767247e-02 to 1.0070441472767347e-02 seconds.
Warning: Simulation tolerance relaxed to achieve convergence from 1.0070441472837057e-02 to 1.0070441472837158e-02 seconds.
Warning: Simulation tolerance relaxed to achieve convergence from 1.0070441472852262e-02 to 1.0070441472852363e-02 seconds.
Warning: Simulation tolerance relaxed to achieve convergence from 1.0070441472854063e-02 to 1.0070441472854163e-02 seconds.
Warning: Simulation tolerance relaxed to achieve convergence from 1.0070441472893965e-02 to 1.0070441472894065e-02 seconds.
Warning: Simulation tolerance relaxed to achieve convergence from 1.0070441472894065e-02 to 1.0070441472894166e-02 seconds.
Warning: Simulation tolerance relaxed to achieve convergence from 1.0070441472928376e-02 to 1.0070441472928477e-02 seconds.
Warning: Simulation tolerance relaxed to achieve convergence from 1.0070441472943880e-02 to 1.0070441472943980e-02 seconds.
Warning: Simulation tolerance relaxed to achieve convergence from 1.0070441472955886e-02 to 1.0070441472955986e-02 seconds.
Warning: Simulation tolerance relaxed to achieve convergence from 1.0070441472957586e-02 to 1.0070441472957686e-02 seconds.
Warning: Simulation tolerance relaxed to achieve convergence from 1.0070441472963486e-02 to 1.0070441472963586e-02 seconds.
Warning: Simulation tolerance relaxed to achieve convergence from 1.0070441472993892e-02 to 1.0070441472993992e-02 seconds.
Warning: Simulation tolerance relaxed to achieve convergence from 1.0070441473008795e-02 to 1.0070441473008895e-02 seconds.
Warning: Simulation tolerance relaxed to achieve convergence from 1.0070441473008895e-02 to 1.0070441473008996e-02 seconds.
Warning: Simulation tolerance relaxed to achieve convergence from 1.0070441473014096e-02 to 1.0070441473014197e-02 seconds.
Warning: Simulation tolerance relaxed to achieve convergence from 1.0070441473056297e-02 to 1.0070441473056397e-02 seconds.
Warning: Simulation tolerance relaxed to achieve convergence from 1.0070441473060797e-02 to 1.0070441473060897e-02 seconds.
Warning: Simulation tolerance relaxed to achieve convergence from 1.0070441473084498e-02 to 1.0070441473084599e-02 seconds.
Warning: Simulation tolerance relaxed to achieve convergence from 1.0070441473127204e-02 to 1.0070441473127304e-02 seconds.
Warning: Simulation tolerance relaxed to achieve convergence from 1.0070441473128406e-02 to 1.0070441473128506e-02 seconds.
Warning: Simulation tolerance relaxed to achieve convergence from 1.0070441473133306e-02 to 1.0070441473133407e-02 seconds.
Warning: Simulation tolerance relaxed to achieve convergence from 1.0070441473138207e-02 to 1.0070441473138307e-02 seconds.
Warning: Simulation tolerance relaxed to achieve convergence from 1.0070441473144807e-02 to 1.0070441473144908e-02 seconds.
Warning: Simulation tolerance relaxed to achieve convergence from 1.0070441473205417e-02 to 1.0070441473205518e-02 seconds.
Warning: Simulation tolerance relaxed to achieve convergence from 1.0070441473205618e-02 to 1.0070441473205719e-02 seconds.
Warning: Simulation tolerance relaxed to achieve convergence from 1.0070441473345336e-02 to 1.0070441473345437e-02 seconds.
Warning: Simulation tolerance relaxed to achieve convergence from 1.0070441473354336e-02 to 1.0070441473354437e-02 seconds.
Warning: Simulation tolerance relaxed to achieve convergence from 1.0070441473381942e-02 to 1.0070441473382043e-02 seconds.
Warning: Simulation tolerance relaxed to achieve convergence from 1.0070441473393844e-02 to 1.0070441473393945e-02 seconds.
Warning: Simulation tolerance relaxed to achieve convergence from 1.0070441473402945e-02 to 1.0070441473403045e-02 seconds.
Warning: Simulation tolerance relaxed to achieve convergence from 1.0070441473409046e-02 to 1.0070441473409146e-02 seconds.
Warning: Simulation tolerance relaxed to achieve convergence from 1.0070441473437048e-02 to 1.0070441473437148e-02 seconds.
Warning: Simulation tolerance relaxed to achieve convergence from 1.0070441473446351e-02 to 1.0070441473446452e-02 seconds.
Warning: Simulation tolerance relaxed to achieve convergence from 1.0070441473447852e-02 to 1.0070441473447952e-02 seconds.
Warning: Simulation tolerance relaxed to achieve convergence from 1.0070441473472257e-02 to 1.0070441473472358e-02 seconds.
Warning: Simulation tolerance relaxed to achieve convergence from 1.0070441473480459e-02 to 1.0070441473480560e-02 seconds.
Warning: Simulation tolerance relaxed to achieve convergence from 1.0070441473491261e-02 to 1.0070441473491362e-02 seconds.
Warning: Simulation tolerance relaxed to achieve convergence from 1.0070441473501463e-02 to 1.0070441473501564e-02 seconds.
Warning: Simulation tolerance relaxed to achieve convergence from 1.0070441473525567e-02 to 1.0070441473525668e-02 seconds.
Warning: Simulation tolerance relaxed to achieve convergence from 1.0070441473534768e-02 to 1.0070441473534869e-02 seconds.
Warning: Simulation tolerance relaxed to achieve convergence from 1.0070441473580272e-02 to 1.0070441473580372e-02 seconds.
Warning: Simulation tolerance relaxed to achieve convergence from 1.0070441473589873e-02 to 1.0070441473589974e-02 seconds.
Warning: Simulation tolerance relaxed to achieve convergence from 1.0070441473594274e-02 to 1.0070441473594375e-02 seconds.
Warning: Simulation tolerance relaxed to achieve convergence from 1.0070441473606074e-02 to 1.0070441473606175e-02 seconds.
Warning: Simulation tolerance relaxed to achieve convergence from 1.0070441473608974e-02 to 1.0070441473609075e-02 seconds.
Warning: Simulation tolerance relaxed to achieve convergence from 1.0070441473642080e-02 to 1.0070441473642180e-02 seconds.
Warning: Simulation tolerance relaxed to achieve convergence from 1.0070441473666083e-02 to 1.0070441473666184e-02 seconds.
Warning: Simulation tolerance relaxed to achieve convergence from 1.0070441473674084e-02 to 1.0070441473674184e-02 seconds.
Warning: Simulation tolerance relaxed to achieve convergence from 1.0070441473679685e-02 to 1.0070441473679786e-02 seconds.
Warning: Simulation tolerance relaxed to achieve convergence from 1.0070441473690185e-02 to 1.0070441473690286e-02 seconds.
Warning: Simulation tolerance relaxed to achieve convergence from 1.0070441473700287e-02 to 1.0070441473700387e-02 seconds.
Warning: Simulation tolerance relaxed to achieve convergence from 1.0070441473719289e-02 to 1.0070441473719390e-02 seconds.
Warning: Simulation tolerance relaxed to achieve convergence from 1.0070441473723690e-02 to 1.0070441473723791e-02 seconds.
Warning: Simulation tolerance relaxed to achieve convergence from 1.0070441473737193e-02 to 1.0070441473737294e-02 seconds.
Warning: Simulation tolerance relaxed to achieve convergence from 1.0070441473807104e-02 to 1.0070441473807205e-02 seconds.
Warning: Simulation tolerance relaxed to achieve convergence from 1.0070441473894813e-02 to 1.0070441473894914e-02 seconds.
Warning: Simulation tolerance relaxed to achieve convergence from 1.0070441473899317e-02 to 1.0070441473899417e-02 seconds.
Warning: Simulation tolerance relaxed to achieve convergence from 1.0070441473902618e-02 to 1.0070441473902719e-02 seconds.
Warning: Simulation tolerance relaxed to achieve convergence from 1.0070441473902719e-02 to 1.0070441473902819e-02 seconds.
Warning: Simulation tolerance relaxed to achieve convergence from 1.0070441473932920e-02 to 1.0070441473933021e-02 seconds.
Warning: Simulation tolerance relaxed to achieve convergence from 1.0070441473947922e-02 to 1.0070441473948023e-02 seconds.
Warning: Simulation tolerance relaxed to achieve convergence from 1.0070441473978824e-02 to 1.0070441473978925e-02 seconds.
Warning: Simulation tolerance relaxed to achieve convergence from 1.0070441474010325e-02 to 1.0070441474010426e-02 seconds.
Warning: Simulation tolerance relaxed to achieve convergence from 1.0070441474010426e-02 to 1.0070441474010526e-02 seconds.
Warning: Simulation tolerance relaxed to achieve convergence from 1.0070441474035831e-02 to 1.0070441474035931e-02 seconds.
Warning: Simulation tolerance relaxed to achieve convergence from 1.0070441474067233e-02 to 1.0070441474067333e-02 seconds.
Warning: Simulation tolerance relaxed to achieve convergence from 1.0070441474073735e-02 to 1.0070441474073835e-02 seconds.
Warning: Simulation tolerance relaxed to achieve convergence from 1.0070441474094336e-02 to 1.0070441474094437e-02 seconds.
Warning: Simulation tolerance relaxed to achieve convergence from 1.0070441474114138e-02 to 1.0070441474114239e-02 seconds.
Warning: Simulation tolerance relaxed to achieve convergence from 1.0070441474116239e-02 to 1.0070441474116339e-02 seconds.
Warning: Simulation tolerance relaxed to achieve convergence from 1.0070441474120740e-02 to 1.0070441474120841e-02 seconds.
Warning: Simulation tolerance relaxed to achieve convergence from 1.0070441474121341e-02 to 1.0070441474121441e-02 seconds.
Warning: Simulation tolerance relaxed to achieve convergence from 1.0070441474177145e-02 to 1.0070441474177245e-02 seconds.
Warning: Simulation tolerance relaxed to achieve convergence from 1.0070441474193248e-02 to 1.0070441474193349e-02 seconds.
Warning: Simulation tolerance relaxed to achieve convergence from 1.0070441474229955e-02 to 1.0070441474230056e-02 seconds.
Warning: Simulation tolerance relaxed to achieve convergence from 1.0070441474234257e-02 to 1.0070441474234358e-02 seconds.
Warning: Simulation tolerance relaxed to achieve convergence from 1.0070441474271061e-02 to 1.0070441474271162e-02 seconds.
Warning: Simulation tolerance relaxed to achieve convergence from 1.0070441474286965e-02 to 1.0070441474287066e-02 seconds.
Warning: Simulation tolerance relaxed to achieve convergence from 1.0070441474332571e-02 to 1.0070441474332672e-02 seconds.
Warning: Simulation tolerance relaxed to achieve convergence from 1.0070441474336372e-02 to 1.0070441474336472e-02 seconds.
Warning: Simulation tolerance relaxed to achieve convergence from 1.0070441474356075e-02 to 1.0070441474356175e-02 seconds.
Warning: Simulation tolerance relaxed to achieve convergence from 1.0070441474374978e-02 to 1.0070441474375079e-02 seconds.
Warning: Simulation tolerance relaxed to achieve convergence from 1.0070441474395281e-02 to 1.0070441474395382e-02 seconds.
Warning: Simulation tolerance relaxed to achieve convergence from 1.0070441474404383e-02 to 1.0070441474404484e-02 seconds.
Warning: Simulation tolerance relaxed to achieve convergence from 1.0070441474411284e-02 to 1.0070441474411385e-02 seconds.
Warning: Simulation tolerance relaxed to achieve convergence from 1.0070441474471793e-02 to 1.0070441474471893e-02 seconds.
Warning: Simulation tolerance relaxed to achieve convergence from 1.0070441474479294e-02 to 1.0070441474479394e-02 seconds.
Warning: Simulation tolerance relaxed to achieve convergence from 1.0070441474486295e-02 to 1.0070441474486396e-02 seconds.
Warning: Simulation tolerance relaxed to achieve convergence from 1.0070441474665317e-02 to 1.0070441474665418e-02 seconds.
Warning: Simulation tolerance relaxed to achieve convergence from 1.0070441474670217e-02 to 1.0070441474670318e-02 seconds.
Warning: Simulation tolerance relaxed to achieve convergence from 1.0070441474672018e-02 to 1.0070441474672119e-02 seconds.
Warning: Simulation tolerance relaxed to achieve convergence from 1.0070441474685922e-02 to 1.0070441474686023e-02 seconds.
Warning: Simulation tolerance relaxed to achieve convergence from 1.0070441474730227e-02 to 1.0070441474730327e-02 seconds.
Warning: Simulation tolerance relaxed to achieve convergence from 1.0070441474765933e-02 to 1.0070441474766033e-02 seconds.
Warning: Simulation tolerance relaxed to achieve convergence from 1.0070441474783833e-02 to 1.0070441474783934e-02 seconds.
Warning: Simulation tolerance relaxed to achieve convergence from 1.0070441474829939e-02 to 1.0070441474830039e-02 seconds.
Warning: Simulation tolerance relaxed to achieve convergence from 1.0070441474892044e-02 to 1.0070441474892144e-02 seconds.
Warning: Simulation tolerance relaxed to achieve convergence from 1.0070441474939351e-02 to 1.0070441474939452e-02 seconds.
Warning: Simulation tolerance relaxed to achieve convergence from 1.0070441475010461e-02 to 1.0070441475010562e-02 seconds.
Warning: Simulation tolerance relaxed to achieve convergence from 1.0070441475038763e-02 to 1.0070441475038864e-02 seconds.
Warning: Simulation tolerance relaxed to achieve convergence from 1.0070441475091672e-02 to 1.0070441475091773e-02 seconds.
Warning: Simulation tolerance relaxed to achieve convergence from 1.0070441475098873e-02 to 1.0070441475098973e-02 seconds.
Warning: Simulation tolerance relaxed to achieve convergence from 1.0070441475105375e-02 to 1.0070441475105475e-02 seconds.
Warning: Simulation tolerance relaxed to achieve convergence from 1.0070441475131977e-02 to 1.0070441475132077e-02 seconds.
Warning: Simulation tolerance relaxed to achieve convergence from 1.0070441475157982e-02 to 1.0070441475158082e-02 seconds.
Warning: Simulation tolerance relaxed to achieve convergence from 1.0070441475174883e-02 to 1.0070441475174984e-02 seconds.
Warning: Simulation tolerance relaxed to achieve convergence from 1.0070441475212084e-02 to 1.0070441475212185e-02 seconds.
Warning: Simulation tolerance relaxed to achieve convergence from 1.0070441475212384e-02 to 1.0070441475212485e-02 seconds.
Warning: Simulation tolerance relaxed to achieve convergence from 1.0070441475258488e-02 to 1.0070441475258589e-02 seconds.
Warning: Simulation tolerance relaxed to achieve convergence from 1.0070441475289191e-02 to 1.0070441475289292e-02 seconds.
Warning: Simulation tolerance relaxed to achieve convergence from 1.0070441475295592e-02 to 1.0070441475295693e-02 seconds.
Warning: Simulation tolerance relaxed to achieve convergence from 1.0070441475350498e-02 to 1.0070441475350599e-02 seconds.
Warning: Simulation tolerance relaxed to achieve convergence from 1.0070441475413711e-02 to 1.0070441475413812e-02 seconds.
Warning: Simulation tolerance relaxed to achieve convergence from 1.0070441475414412e-02 to 1.0070441475414513e-02 seconds.
Warning: Simulation tolerance relaxed to achieve convergence from 1.0070441475458519e-02 to 1.0070441475458620e-02 seconds.
Warning: Simulation tolerance relaxed to achieve convergence from 1.0070441475465521e-02 to 1.0070441475465621e-02 seconds.
Warning: Simulation tolerance relaxed to achieve convergence from 1.0070441475473622e-02 to 1.0070441475473722e-02 seconds.
Warning: Simulation tolerance relaxed to achieve convergence from 1.0070441475486922e-02 to 1.0070441475487022e-02 seconds.
Warning: Simulation tolerance relaxed to achieve convergence from 1.0070441475566232e-02 to 1.0070441475566332e-02 seconds.
Warning: Simulation tolerance relaxed to achieve convergence from 1.0070441475616533e-02 to 1.0070441475616634e-02 seconds.
Warning: Simulation tolerance relaxed to achieve convergence from 1.0070441475623035e-02 to 1.0070441475623136e-02 seconds.
Warning: Simulation tolerance relaxed to achieve convergence from 1.0070441475691947e-02 to 1.0070441475692048e-02 seconds.
Warning: Simulation tolerance relaxed to achieve convergence from 1.0070441475885364e-02 to 1.0070441475885464e-02 seconds.
Warning: Simulation tolerance relaxed to achieve convergence from 1.0070441475894065e-02 to 1.0070441475894166e-02 seconds.
Warning: Simulation tolerance relaxed to achieve convergence from 1.0070441475958968e-02 to 1.0070441475959068e-02 seconds.
Warning: Simulation tolerance relaxed to achieve convergence from 1.0070441475974769e-02 to 1.0070441475974870e-02 seconds.
Warning: Simulation tolerance relaxed to achieve convergence from 1.0070441476018072e-02 to 1.0070441476018172e-02 seconds.
Warning: Simulation tolerance relaxed to achieve convergence from 1.0070441476030274e-02 to 1.0070441476030374e-02 seconds.
Warning: Simulation tolerance relaxed to achieve convergence from 1.0070441476076178e-02 to 1.0070441476076279e-02 seconds.
Warning: Simulation tolerance relaxed to achieve convergence from 1.0070441476176886e-02 to 1.0070441476176986e-02 seconds.
Warning: Simulation tolerance relaxed to achieve convergence from 1.0070441476189587e-02 to 1.0070441476189688e-02 seconds.
Warning: Simulation tolerance relaxed to achieve convergence from 1.0070441476210187e-02 to 1.0070441476210288e-02 seconds.
Warning: Simulation tolerance relaxed to achieve convergence from 1.0070441476220687e-02 to 1.0070441476220788e-02 seconds.
Warning: Simulation tolerance relaxed to achieve convergence from 1.0070441476246590e-02 to 1.0070441476246691e-02 seconds.
Warning: Simulation tolerance relaxed to achieve convergence from 1.0070441476257092e-02 to 1.0070441476257193e-02 seconds.
Warning: Simulation tolerance relaxed to achieve convergence from 1.0070441476262794e-02 to 1.0070441476262895e-02 seconds.
Warning: Simulation tolerance relaxed to achieve convergence from 1.0070441476302198e-02 to 1.0070441476302299e-02 seconds.
Warning: Simulation tolerance relaxed to achieve convergence from 1.0070441476414416e-02 to 1.0070441476414517e-02 seconds.
Warning: Simulation tolerance relaxed to achieve convergence from 1.0070441476414517e-02 to 1.0070441476414617e-02 seconds.
Warning: Simulation tolerance relaxed to achieve convergence from 1.0070441476422319e-02 to 1.0070441476422420e-02 seconds.
Warning: Simulation tolerance relaxed to achieve convergence from 1.0070441476445721e-02 to 1.0070441476445821e-02 seconds.
Warning: Simulation tolerance relaxed to achieve convergence from 1.0070441476471325e-02 to 1.0070441476471426e-02 seconds.
Warning: Simulation tolerance relaxed to achieve convergence from 1.0070441476474927e-02 to 1.0070441476475027e-02 seconds.
Warning: Simulation tolerance relaxed to achieve convergence from 1.0070441476485326e-02 to 1.0070441476485427e-02 seconds.
Warning: Simulation tolerance relaxed to achieve convergence from 1.0070441476494827e-02 to 1.0070441476494928e-02 seconds.
Warning: Simulation tolerance relaxed to achieve convergence from 1.0070441476501530e-02 to 1.0070441476501631e-02 seconds.
Warning: Simulation tolerance relaxed to achieve convergence from 1.0070441476541634e-02 to 1.0070441476541734e-02 seconds.
Warning: Simulation tolerance relaxed to achieve convergence from 1.0070441476551336e-02 to 1.0070441476551437e-02 seconds.
Warning: Simulation tolerance relaxed to achieve convergence from 1.0070441476595039e-02 to 1.0070441476595140e-02 seconds.
Warning: Simulation tolerance relaxed to achieve convergence from 1.0070441476596739e-02 to 1.0070441476596840e-02 seconds.
Warning: Simulation tolerance relaxed to achieve convergence from 1.0070441476648343e-02 to 1.0070441476648444e-02 seconds.
Warning: Simulation tolerance relaxed to achieve convergence from 1.0070441476655645e-02 to 1.0070441476655746e-02 seconds.
Warning: Simulation tolerance relaxed to achieve convergence from 1.0070441476663045e-02 to 1.0070441476663146e-02 seconds.
Warning: Simulation tolerance relaxed to achieve convergence from 1.0070441476728753e-02 to 1.0070441476728854e-02 seconds.
Warning: Simulation tolerance relaxed to achieve convergence from 1.0070441476742357e-02 to 1.0070441476742457e-02 seconds.
Warning: Simulation tolerance relaxed to achieve convergence from 1.0070441476748159e-02 to 1.0070441476748260e-02 seconds.
Warning: Simulation tolerance relaxed to achieve convergence from 1.0070441476751259e-02 to 1.0070441476751360e-02 seconds.
Warning: Simulation tolerance relaxed to achieve convergence from 1.0070441476765862e-02 to 1.0070441476765963e-02 seconds.
Warning: Simulation tolerance relaxed to achieve convergence from 1.0070441476814665e-02 to 1.0070441476814766e-02 seconds.
Warning: Simulation tolerance relaxed to achieve convergence from 1.0070441476821266e-02 to 1.0070441476821367e-02 seconds.
Warning: Simulation tolerance relaxed to achieve convergence from 1.0070441476836367e-02 to 1.0070441476836467e-02 seconds.
Warning: Simulation tolerance relaxed to achieve convergence from 1.0070441476851667e-02 to 1.0070441476851768e-02 seconds.
Warning: Simulation tolerance relaxed to achieve convergence from 1.0070441476876468e-02 to 1.0070441476876569e-02 seconds.
Warning: Simulation tolerance relaxed to achieve convergence from 1.0070441476982184e-02 to 1.0070441476982285e-02 seconds.
Warning: Simulation tolerance relaxed to achieve convergence from 1.0070441476998886e-02 to 1.0070441476998987e-02 seconds.
Warning: Simulation tolerance relaxed to achieve convergence from 1.0070441477010889e-02 to 1.0070441477010989e-02 seconds.
Warning: Simulation tolerance relaxed to achieve convergence from 1.0070441477035594e-02 to 1.0070441477035695e-02 seconds.
Warning: Simulation tolerance relaxed to achieve convergence from 1.0070441477046197e-02 to 1.0070441477046298e-02 seconds.
Warning: Simulation tolerance relaxed to achieve convergence from 1.0070441477059398e-02 to 1.0070441477059499e-02 seconds.
Warning: Simulation tolerance relaxed to achieve convergence from 1.0070441477103302e-02 to 1.0070441477103403e-02 seconds.
Warning: Simulation tolerance relaxed to achieve convergence from 1.0070441477114406e-02 to 1.0070441477114507e-02 seconds.
Warning: Simulation tolerance relaxed to achieve convergence from 1.0070441477160812e-02 to 1.0070441477160913e-02 seconds.
Warning: Simulation tolerance relaxed to achieve convergence from 1.0070441477188920e-02 to 1.0070441477189020e-02 seconds.
Warning: Simulation tolerance relaxed to achieve convergence from 1.0070441477199821e-02 to 1.0070441477199921e-02 seconds.
Warning: Simulation tolerance relaxed to achieve convergence from 1.0070441477202921e-02 to 1.0070441477203021e-02 seconds.
Warning: Simulation tolerance relaxed to achieve convergence from 1.0070441477203321e-02 to 1.0070441477203422e-02 seconds.
Warning: Simulation tolerance relaxed to achieve convergence from 1.0070441477214222e-02 to 1.0070441477214323e-02 seconds.
Warning: Simulation tolerance relaxed to achieve convergence from 1.0070441477271529e-02 to 1.0070441477271630e-02 seconds.
Warning: Simulation tolerance relaxed to achieve convergence from 1.0070441477273930e-02 to 1.0070441477274030e-02 seconds.
Warning: Simulation tolerance relaxed to achieve convergence from 1.0070441477282430e-02 to 1.0070441477282531e-02 seconds.
Warning: Simulation tolerance relaxed to achieve convergence from 1.0070441477333335e-02 to 1.0070441477333436e-02 seconds.
Warning: Simulation tolerance relaxed to achieve convergence from 1.0070441477367940e-02 to 1.0070441477368040e-02 seconds.
Warning: Simulation tolerance relaxed to achieve convergence from 1.0070441477372840e-02 to 1.0070441477372941e-02 seconds.
Warning: Simulation tolerance relaxed to achieve convergence from 1.0070441477381942e-02 to 1.0070441477382043e-02 seconds.
Warning: Simulation tolerance relaxed to achieve convergence from 1.0070441477412252e-02 to 1.0070441477412352e-02 seconds.
Warning: Simulation tolerance relaxed to achieve convergence from 1.0070441477415553e-02 to 1.0070441477415653e-02 seconds.
Warning: Simulation tolerance relaxed to achieve convergence from 1.0070441477479458e-02 to 1.0070441477479559e-02 seconds.
Warning: Simulation tolerance relaxed to achieve convergence from 1.0070441477479559e-02 to 1.0070441477479659e-02 seconds.
Warning: Simulation tolerance relaxed to achieve convergence from 1.0070441477503163e-02 to 1.0070441477503264e-02 seconds.
Warning: Simulation tolerance relaxed to achieve convergence from 1.0070441477507564e-02 to 1.0070441477507665e-02 seconds.
Warning: Simulation tolerance relaxed to achieve convergence from 1.0070441477509365e-02 to 1.0070441477509465e-02 seconds.
Warning: Simulation tolerance relaxed to achieve convergence from 1.0070441477541478e-02 to 1.0070441477541579e-02 seconds.
Warning: Simulation tolerance relaxed to achieve convergence from 1.0070441477567580e-02 to 1.0070441477567681e-02 seconds.
Warning: Simulation tolerance relaxed to achieve convergence from 1.0070441477585582e-02 to 1.0070441477585682e-02 seconds.
Warning: Simulation tolerance relaxed to achieve convergence from 1.0070441477586182e-02 to 1.0070441477586282e-02 seconds.
Warning: Simulation tolerance relaxed to achieve convergence from 1.0070441477615589e-02 to 1.0070441477615689e-02 seconds.
Warning: Simulation tolerance relaxed to achieve convergence from 1.0070441477627990e-02 to 1.0070441477628091e-02 seconds.
Warning: Simulation tolerance relaxed to achieve convergence from 1.0070441477702001e-02 to 1.0070441477702101e-02 seconds.
Warning: Simulation tolerance relaxed to achieve convergence from 1.0070441477737004e-02 to 1.0070441477737105e-02 seconds.
Warning: Simulation tolerance relaxed to achieve convergence from 1.0070441477804608e-02 to 1.0070441477804708e-02 seconds.
Warning: Simulation tolerance relaxed to achieve convergence from 1.0070441477894423e-02 to 1.0070441477894524e-02 seconds.
Warning: Simulation tolerance relaxed to achieve convergence from 1.0070441477934729e-02 to 1.0070441477934830e-02 seconds.
Warning: Simulation tolerance relaxed to achieve convergence from 1.0070441477934931e-02 to 1.0070441477935031e-02 seconds.
Warning: Simulation tolerance relaxed to achieve convergence from 1.0070441477959033e-02 to 1.0070441477959133e-02 seconds.
Warning: Simulation tolerance relaxed to achieve convergence from 1.0070441477968635e-02 to 1.0070441477968735e-02 seconds.
Warning: Simulation tolerance relaxed to achieve convergence from 1.0070441477975535e-02 to 1.0070441477975636e-02 seconds.
Warning: Simulation tolerance relaxed to achieve convergence from 1.0070441478041247e-02 to 1.0070441478041347e-02 seconds.
Warning: Simulation tolerance relaxed to achieve convergence from 1.0070441478071953e-02 to 1.0070441478072054e-02 seconds.
Warning: Simulation tolerance relaxed to achieve convergence from 1.0070441478102255e-02 to 1.0070441478102356e-02 seconds.
Warning: Simulation tolerance relaxed to achieve convergence from 1.0070441478166665e-02 to 1.0070441478166766e-02 seconds.
Warning: Simulation tolerance relaxed to achieve convergence from 1.0070441478238670e-02 to 1.0070441478238771e-02 seconds.
Warning: Simulation tolerance relaxed to achieve convergence from 1.0070441478334581e-02 to 1.0070441478334682e-02 seconds.
Warning: Simulation tolerance relaxed to achieve convergence from 1.0070441478375386e-02 to 1.0070441478375486e-02 seconds.
Warning: Simulation tolerance relaxed to achieve convergence from 1.0070441478404992e-02 to 1.0070441478405093e-02 seconds.
Warning: Simulation tolerance relaxed to achieve convergence from 1.0070441478448298e-02 to 1.0070441478448398e-02 seconds.
Warning: Simulation tolerance relaxed to achieve convergence from 1.0070441478482600e-02 to 1.0070441478482701e-02 seconds.
Warning: Simulation tolerance relaxed to achieve convergence from 1.0070441478496601e-02 to 1.0070441478496702e-02 seconds.
Warning: Simulation tolerance relaxed to achieve convergence from 1.0070441478513803e-02 to 1.0070441478513903e-02 seconds.
Warning: Simulation tolerance relaxed to achieve convergence from 1.0070441478561211e-02 to 1.0070441478561312e-02 seconds.
Warning: Simulation tolerance relaxed to achieve convergence from 1.0070441478590715e-02 to 1.0070441478590816e-02 seconds.
Warning: Simulation tolerance relaxed to achieve convergence from 1.0070441478592715e-02 to 1.0070441478592816e-02 seconds.
Warning: Simulation tolerance relaxed to achieve convergence from 1.0070441478593116e-02 to 1.0070441478593217e-02 seconds.
Warning: Simulation tolerance relaxed to achieve convergence from 1.0070441478607016e-02 to 1.0070441478607117e-02 seconds.
Warning: Simulation tolerance relaxed to achieve convergence from 1.0070441478632520e-02 to 1.0070441478632621e-02 seconds.
Warning: Simulation tolerance relaxed to achieve convergence from 1.0070441478643423e-02 to 1.0070441478643524e-02 seconds.
Warning: Simulation tolerance relaxed to achieve convergence from 1.0070441478686729e-02 to 1.0070441478686829e-02 seconds.
Warning: Simulation tolerance relaxed to achieve convergence from 1.0070441478707332e-02 to 1.0070441478707432e-02 seconds.
Warning: Simulation tolerance relaxed to achieve convergence from 1.0070441478721836e-02 to 1.0070441478721937e-02 seconds.
Warning: Simulation tolerance relaxed to achieve convergence from 1.0070441478726138e-02 to 1.0070441478726239e-02 seconds.
Warning: Simulation tolerance relaxed to achieve convergence from 1.0070441478726239e-02 to 1.0070441478726339e-02 seconds.
Warning: Simulation tolerance relaxed to achieve convergence from 1.0070441478797649e-02 to 1.0070441478797749e-02 seconds.
Warning: Simulation tolerance relaxed to achieve convergence from 1.0070441478852953e-02 to 1.0070441478853054e-02 seconds.
Warning: Simulation tolerance relaxed to achieve convergence from 1.0070441478911361e-02 to 1.0070441478911462e-02 seconds.
Warning: Simulation tolerance relaxed to achieve convergence from 1.0070441478928265e-02 to 1.0070441478928365e-02 seconds.
Warning: Simulation tolerance relaxed to achieve convergence from 1.0070441478988472e-02 to 1.0070441478988572e-02 seconds.
Warning: Simulation tolerance relaxed to achieve convergence from 1.0070441479061578e-02 to 1.0070441479061679e-02 seconds.
Warning: Simulation tolerance relaxed to achieve convergence from 1.0070441479121485e-02 to 1.0070441479121586e-02 seconds.
Warning: Simulation tolerance relaxed to achieve convergence from 1.0070441479123286e-02 to 1.0070441479123386e-02 seconds.
Warning: Simulation tolerance relaxed to achieve convergence from 1.0070441479144789e-02 to 1.0070441479144890e-02 seconds.
Warning: Simulation tolerance relaxed to achieve convergence from 1.0070441479179595e-02 to 1.0070441479179695e-02 seconds.
Warning: Simulation tolerance relaxed to achieve convergence from 1.0070441479203600e-02 to 1.0070441479203700e-02 seconds.
Warning: Simulation tolerance relaxed to achieve convergence from 1.0070441479275209e-02 to 1.0070441479275310e-02 seconds.
Warning: Simulation tolerance relaxed to achieve convergence from 1.0070441479288211e-02 to 1.0070441479288312e-02 seconds.
Warning: Simulation tolerance relaxed to achieve convergence from 1.0070441479290412e-02 to 1.0070441479290513e-02 seconds.
Warning: Simulation tolerance relaxed to achieve convergence from 1.0070441479353518e-02 to 1.0070441479353619e-02 seconds.
Warning: Simulation tolerance relaxed to achieve convergence from 1.0070441479418527e-02 to 1.0070441479418627e-02 seconds.
Warning: Simulation tolerance relaxed to achieve convergence from 1.0070441479442530e-02 to 1.0070441479442631e-02 seconds.
Warning: Simulation tolerance relaxed to achieve convergence from 1.0070441479509341e-02 to 1.0070441479509442e-02 seconds.
Warning: Simulation tolerance relaxed to achieve convergence from 1.0070441479610550e-02 to 1.0070441479610651e-02 seconds.
Warning: Simulation tolerance relaxed to achieve convergence from 1.0070441479611251e-02 to 1.0070441479611352e-02 seconds.
Warning: Simulation tolerance relaxed to achieve convergence from 1.0070441479677254e-02 to 1.0070441479677355e-02 seconds.
Warning: Simulation tolerance relaxed to achieve convergence from 1.0070441479700758e-02 to 1.0070441479700858e-02 seconds.
Warning: Simulation tolerance relaxed to achieve convergence from 1.0070441479710561e-02 to 1.0070441479710661e-02 seconds.
Warning: Simulation tolerance relaxed to achieve convergence from 1.0070441479747966e-02 to 1.0070441479748067e-02 seconds.
Warning: Simulation tolerance relaxed to achieve convergence from 1.0070441479772669e-02 to 1.0070441479772770e-02 seconds.
Warning: Simulation tolerance relaxed to achieve convergence from 1.0070441479789574e-02 to 1.0070441479789674e-02 seconds.
Warning: Simulation tolerance relaxed to achieve convergence from 1.0070441479798076e-02 to 1.0070441479798176e-02 seconds.
Warning: Simulation tolerance relaxed to achieve convergence from 1.0070441479829877e-02 to 1.0070441479829977e-02 seconds.
Warning: Simulation tolerance relaxed to achieve convergence from 1.0070441479837678e-02 to 1.0070441479837778e-02 seconds.
Warning: Simulation tolerance relaxed to achieve convergence from 1.0070441479875585e-02 to 1.0070441479875685e-02 seconds.
Warning: Simulation tolerance relaxed to achieve convergence from 1.0070441479884286e-02 to 1.0070441479884387e-02 seconds.
Warning: Simulation tolerance relaxed to achieve convergence from 1.0070441479902187e-02 to 1.0070441479902287e-02 seconds.
Warning: Simulation tolerance relaxed to achieve convergence from 1.0070441479909887e-02 to 1.0070441479909988e-02 seconds.
Warning: Simulation tolerance relaxed to achieve convergence from 1.0070441479937896e-02 to 1.0070441479937997e-02 seconds.
Warning: Simulation tolerance relaxed to achieve convergence from 1.0070441480014106e-02 to 1.0070441480014207e-02 seconds.
Warning: Simulation tolerance relaxed to achieve convergence from 1.0070441480072311e-02 to 1.0070441480072412e-02 seconds.
Warning: Simulation tolerance relaxed to achieve convergence from 1.0070441480079713e-02 to 1.0070441480079814e-02 seconds.
Warning: Simulation tolerance relaxed to achieve convergence from 1.0070441480182737e-02 to 1.0070441480182837e-02 seconds.
Warning: Simulation tolerance relaxed to achieve convergence from 1.0070441480210140e-02 to 1.0070441480210241e-02 seconds.
Warning: Simulation tolerance relaxed to achieve convergence from 1.0070441480298056e-02 to 1.0070441480298157e-02 seconds.
Warning: Simulation tolerance relaxed to achieve convergence from 1.0070441480428379e-02 to 1.0070441480428479e-02 seconds.
Warning: Simulation tolerance relaxed to achieve convergence from 1.0070441480428679e-02 to 1.0070441480428780e-02 seconds.
Warning: Simulation tolerance relaxed to achieve convergence from 1.0070441480451381e-02 to 1.0070441480451482e-02 seconds.
Warning: Simulation tolerance relaxed to achieve convergence from 1.0070441480547596e-02 to 1.0070441480547697e-02 seconds.
Warning: Simulation tolerance relaxed to achieve convergence from 1.0070441480581704e-02 to 1.0070441480581805e-02 seconds.
Warning: Simulation tolerance relaxed to achieve convergence from 1.0070441480606707e-02 to 1.0070441480606807e-02 seconds.
Warning: Simulation tolerance relaxed to achieve convergence from 1.0070441480633213e-02 to 1.0070441480633314e-02 seconds.
Warning: Simulation tolerance relaxed to achieve convergence from 1.0070441480703725e-02 to 1.0070441480703825e-02 seconds.
Warning: Simulation tolerance relaxed to achieve convergence from 1.0070441480723427e-02 to 1.0070441480723528e-02 seconds.
Warning: Simulation tolerance relaxed to achieve convergence from 1.0070441480800248e-02 to 1.0070441480800349e-02 seconds.
Warning: Simulation tolerance relaxed to achieve convergence from 1.0070441480814851e-02 to 1.0070441480814952e-02 seconds.
Warning: Simulation tolerance relaxed to achieve convergence from 1.0070441480828852e-02 to 1.0070441480828952e-02 seconds.
Warning: Simulation tolerance relaxed to achieve convergence from 1.0070441480922664e-02 to 1.0070441480922765e-02 seconds.
Warning: Simulation tolerance relaxed to achieve convergence from 1.0070441480933667e-02 to 1.0070441480933768e-02 seconds.
Warning: Simulation tolerance relaxed to achieve convergence from 1.0070441480943769e-02 to 1.0070441480943869e-02 seconds.
Warning: Simulation tolerance relaxed to achieve convergence from 1.0070441481087091e-02 to 1.0070441481087192e-02 seconds.
Warning: Simulation tolerance relaxed to achieve convergence from 1.0070441481095994e-02 to 1.0070441481096095e-02 seconds.
Warning: Simulation tolerance relaxed to achieve convergence from 1.0070441481192618e-02 to 1.0070441481192719e-02 seconds.
Warning: Simulation tolerance relaxed to achieve convergence from 1.0070441481194918e-02 to 1.0070441481195019e-02 seconds.
Warning: Simulation tolerance relaxed to achieve convergence from 1.0070441481308732e-02 to 1.0070441481308832e-02 seconds.
Warning: Simulation tolerance relaxed to achieve convergence from 1.0070441481311934e-02 to 1.0070441481312035e-02 seconds.
Warning: Simulation tolerance relaxed to achieve convergence from 1.0070441481315836e-02 to 1.0070441481315936e-02 seconds.
Warning: Simulation tolerance relaxed to achieve convergence from 1.0070441481334140e-02 to 1.0070441481334241e-02 seconds.
Warning: Simulation tolerance relaxed to achieve convergence from 1.0070441481369248e-02 to 1.0070441481369348e-02 seconds.
Warning: Simulation tolerance relaxed to achieve convergence from 1.0070441481481873e-02 to 1.0070441481481974e-02 seconds.
Warning: Simulation tolerance relaxed to achieve convergence from 1.0070441481531982e-02 to 1.0070441481532083e-02 seconds.
Warning: Simulation tolerance relaxed to achieve convergence from 1.0070441481533684e-02 to 1.0070441481533784e-02 seconds.
Warning: Simulation tolerance relaxed to achieve convergence from 1.0070441481582098e-02 to 1.0070441481582199e-02 seconds.
Warning: Simulation tolerance relaxed to achieve convergence from 1.0070441481593299e-02 to 1.0070441481593400e-02 seconds.
Warning: Simulation tolerance relaxed to achieve convergence from 1.0070441481621806e-02 to 1.0070441481621907e-02 seconds.
Warning: Simulation tolerance relaxed to achieve convergence from 1.0070441481629109e-02 to 1.0070441481629210e-02 seconds.
Warning: Simulation tolerance relaxed to achieve convergence from 1.0070441481632610e-02 to 1.0070441481632711e-02 seconds.
Warning: Simulation tolerance relaxed to achieve convergence from 1.0070441481758534e-02 to 1.0070441481758634e-02 seconds.
Warning: Simulation tolerance relaxed to achieve convergence from 1.0070441481762634e-02 to 1.0070441481762735e-02 seconds.
Warning: Simulation tolerance relaxed to achieve convergence from 1.0070441481783038e-02 to 1.0070441481783139e-02 seconds.
Warning: Simulation tolerance relaxed to achieve convergence from 1.0070441481844345e-02 to 1.0070441481844446e-02 seconds.
Warning: Simulation tolerance relaxed to achieve convergence from 1.0070441481901050e-02 to 1.0070441481901150e-02 seconds.
Warning: Simulation tolerance relaxed to achieve convergence from 1.0070441481956063e-02 to 1.0070441481956164e-02 seconds.
Warning: Simulation tolerance relaxed to achieve convergence from 1.0070441481966263e-02 to 1.0070441481966364e-02 seconds.
Warning: Simulation tolerance relaxed to achieve convergence from 1.0070441482002368e-02 to 1.0070441482002469e-02 seconds.
Warning: Simulation tolerance relaxed to achieve convergence from 1.0070441482008769e-02 to 1.0070441482008870e-02 seconds.
Warning: Simulation tolerance relaxed to achieve convergence from 1.0070441482008870e-02 to 1.0070441482008970e-02 seconds.
Warning: Simulation tolerance relaxed to achieve convergence from 1.0070441482020973e-02 to 1.0070441482021074e-02 seconds.
Warning: Simulation tolerance relaxed to achieve convergence from 1.0070441482024774e-02 to 1.0070441482024874e-02 seconds.
Warning: Simulation tolerance relaxed to achieve convergence from 1.0070441482045073e-02 to 1.0070441482045174e-02 seconds.
Warning: Simulation tolerance relaxed to achieve convergence from 1.0070441482053875e-02 to 1.0070441482053976e-02 seconds.
Warning: Simulation tolerance relaxed to achieve convergence from 1.0070441482063677e-02 to 1.0070441482063777e-02 seconds.
Warning: Simulation tolerance relaxed to achieve convergence from 1.0070441482099582e-02 to 1.0070441482099683e-02 seconds.
Warning: Simulation tolerance relaxed to achieve convergence from 1.0070441482158594e-02 to 1.0070441482158694e-02 seconds.
Warning: Simulation tolerance relaxed to achieve convergence from 1.0070441482181999e-02 to 1.0070441482182099e-02 seconds.
Warning: Simulation tolerance relaxed to achieve convergence from 1.0070441482203802e-02 to 1.0070441482203903e-02 seconds.
Warning: Simulation tolerance relaxed to achieve convergence from 1.0070441482209706e-02 to 1.0070441482209806e-02 seconds.
Warning: Simulation tolerance relaxed to achieve convergence from 1.0070441482220506e-02 to 1.0070441482220607e-02 seconds.
Warning: Simulation tolerance relaxed to achieve convergence from 1.0070441482221307e-02 to 1.0070441482221408e-02 seconds.
Warning: Simulation tolerance relaxed to achieve convergence from 1.0070441482244412e-02 to 1.0070441482244513e-02 seconds.
Warning: Simulation tolerance relaxed to achieve convergence from 1.0070441482244513e-02 to 1.0070441482244613e-02 seconds.
Warning: Simulation tolerance relaxed to achieve convergence from 1.0070441482244813e-02 to 1.0070441482244914e-02 seconds.
Warning: Simulation tolerance relaxed to achieve convergence from 1.0070441482245113e-02 to 1.0070441482245214e-02 seconds.
Warning: Simulation tolerance relaxed to achieve convergence from 1.0070441482246614e-02 to 1.0070441482246714e-02 seconds.
Warning: Simulation tolerance relaxed to achieve convergence from 1.0070441482289916e-02 to 1.0070441482290016e-02 seconds.
Warning: Simulation tolerance relaxed to achieve convergence from 1.0070441482305818e-02 to 1.0070441482305919e-02 seconds.
Warning: Simulation tolerance relaxed to achieve convergence from 1.0070441482314120e-02 to 1.0070441482314221e-02 seconds.
Warning: Simulation tolerance relaxed to achieve convergence from 1.0070441482316622e-02 to 1.0070441482316722e-02 seconds.
Warning: Simulation tolerance relaxed to achieve convergence from 1.0070441482452237e-02 to 1.0070441482452338e-02 seconds.
Warning: Simulation tolerance relaxed to achieve convergence from 1.0070441482455138e-02 to 1.0070441482455238e-02 seconds.
Warning: Simulation tolerance relaxed to achieve convergence from 1.0070441482457239e-02 to 1.0070441482457339e-02 seconds.
Warning: Simulation tolerance relaxed to achieve convergence from 1.0070441482475144e-02 to 1.0070441482475245e-02 seconds.
Warning: Simulation tolerance relaxed to achieve convergence from 1.0070441482528452e-02 to 1.0070441482528553e-02 seconds.
Warning: Simulation tolerance relaxed to achieve convergence from 1.0070441482543257e-02 to 1.0070441482543357e-02 seconds.
Warning: Simulation tolerance relaxed to achieve convergence from 1.0070441482564658e-02 to 1.0070441482564758e-02 seconds.
Warning: Simulation tolerance relaxed to achieve convergence from 1.0070441482569359e-02 to 1.0070441482569460e-02 seconds.
Warning: Simulation tolerance relaxed to achieve convergence from 1.0070441482603569e-02 to 1.0070441482603670e-02 seconds.
Warning: Simulation tolerance relaxed to achieve convergence from 1.0070441482609872e-02 to 1.0070441482609972e-02 seconds.
Warning: Simulation tolerance relaxed to achieve convergence from 1.0070441482624275e-02 to 1.0070441482624376e-02 seconds.
Warning: Simulation tolerance relaxed to achieve convergence from 1.0070441482654180e-02 to 1.0070441482654281e-02 seconds.
Warning: Simulation tolerance relaxed to achieve convergence from 1.0070441482672183e-02 to 1.0070441482672284e-02 seconds.
Warning: Simulation tolerance relaxed to achieve convergence from 1.0070441482674684e-02 to 1.0070441482674785e-02 seconds.
Warning: Simulation tolerance relaxed to achieve convergence from 1.0070441482686586e-02 to 1.0070441482686687e-02 seconds.
Warning: Simulation tolerance relaxed to achieve convergence from 1.0070441482687587e-02 to 1.0070441482687688e-02 seconds.
Warning: Simulation tolerance relaxed to achieve convergence from 1.0070441482695489e-02 to 1.0070441482695590e-02 seconds.
Warning: Simulation tolerance relaxed to achieve convergence from 1.0070441482700792e-02 to 1.0070441482700893e-02 seconds.
Warning: Simulation tolerance relaxed to achieve convergence from 1.0070441482705793e-02 to 1.0070441482705894e-02 seconds.
Warning: Simulation tolerance relaxed to achieve convergence from 1.0070441482712795e-02 to 1.0070441482712895e-02 seconds.
Warning: Simulation tolerance relaxed to achieve convergence from 1.0070441482723897e-02 to 1.0070441482723997e-02 seconds.
Warning: Simulation tolerance relaxed to achieve convergence from 1.0070441482794904e-02 to 1.0070441482795005e-02 seconds.
Warning: Simulation tolerance relaxed to achieve convergence from 1.0070441482810806e-02 to 1.0070441482810907e-02 seconds.
Warning: Simulation tolerance relaxed to achieve convergence from 1.0070441482824710e-02 to 1.0070441482824811e-02 seconds.
Warning: Simulation tolerance relaxed to achieve convergence from 1.0070441482830912e-02 to 1.0070441482831012e-02 seconds.
Warning: Simulation tolerance relaxed to achieve convergence from 1.0070441482837816e-02 to 1.0070441482837917e-02 seconds.
Warning: Simulation tolerance relaxed to achieve convergence from 1.0070441482860317e-02 to 1.0070441482860418e-02 seconds.
Warning: Simulation tolerance relaxed to achieve convergence from 1.0070441482867619e-02 to 1.0070441482867719e-02 seconds.
Warning: Simulation tolerance relaxed to achieve convergence from 1.0070441482899727e-02 to 1.0070441482899827e-02 seconds.
Warning: Simulation tolerance relaxed to achieve convergence from 1.0070441482971241e-02 to 1.0070441482971341e-02 seconds.
Warning: Simulation tolerance relaxed to achieve convergence from 1.0070441482974143e-02 to 1.0070441482974243e-02 seconds.
Warning: Simulation tolerance relaxed to achieve convergence from 1.0070441482991648e-02 to 1.0070441482991748e-02 seconds.
Warning: Simulation tolerance relaxed to achieve convergence from 1.0070441482991948e-02 to 1.0070441482992049e-02 seconds.
Warning: Simulation tolerance relaxed to achieve convergence from 1.0070441483009753e-02 to 1.0070441483009854e-02 seconds.
Warning: Simulation tolerance relaxed to achieve convergence from 1.0070441483017554e-02 to 1.0070441483017655e-02 seconds.
Warning: Simulation tolerance relaxed to achieve convergence from 1.0070441483031255e-02 to 1.0070441483031356e-02 seconds.
Warning: Simulation tolerance relaxed to achieve convergence from 1.0070441483041356e-02 to 1.0070441483041457e-02 seconds.
Warning: Simulation tolerance relaxed to achieve convergence from 1.0070441483041457e-02 to 1.0070441483041558e-02 seconds.
Warning: Simulation tolerance relaxed to achieve convergence from 1.0070441483077864e-02 to 1.0070441483077964e-02 seconds.
Warning: Simulation tolerance relaxed to achieve convergence from 1.0070441483098469e-02 to 1.0070441483098569e-02 seconds.
Warning: Simulation tolerance relaxed to achieve convergence from 1.0070441483113771e-02 to 1.0070441483113871e-02 seconds.
Warning: Simulation tolerance relaxed to achieve convergence from 1.0070441483124973e-02 to 1.0070441483125074e-02 seconds.
Warning: Simulation tolerance relaxed to achieve convergence from 1.0070441483131177e-02 to 1.0070441483131277e-02 seconds.
Warning: Simulation tolerance relaxed to achieve convergence from 1.0070441483142180e-02 to 1.0070441483142281e-02 seconds.
Warning: Simulation tolerance relaxed to achieve convergence from 1.0070441483152283e-02 to 1.0070441483152384e-02 seconds.
Warning: Simulation tolerance relaxed to achieve convergence from 1.0070441483160183e-02 to 1.0070441483160284e-02 seconds.
Warning: Simulation tolerance relaxed to achieve convergence from 1.0070441483165184e-02 to 1.0070441483165285e-02 seconds.
Warning: Simulation tolerance relaxed to achieve convergence from 1.0070441483179092e-02 to 1.0070441483179192e-02 seconds.
Warning: Simulation tolerance relaxed to achieve convergence from 1.0070441483183692e-02 to 1.0070441483183793e-02 seconds.
Warning: Simulation tolerance relaxed to achieve convergence from 1.0070441483217297e-02 to 1.0070441483217398e-02 seconds.
Warning: Simulation tolerance relaxed to achieve convergence from 1.0070441483244999e-02 to 1.0070441483245100e-02 seconds.
Warning: Simulation tolerance relaxed to achieve convergence from 1.0070441483262502e-02 to 1.0070441483262603e-02 seconds.
Warning: Simulation tolerance relaxed to achieve convergence from 1.0070441483265705e-02 to 1.0070441483265805e-02 seconds.
Warning: Simulation tolerance relaxed to achieve convergence from 1.0070441483265805e-02 to 1.0070441483265906e-02 seconds.
Warning: Simulation tolerance relaxed to achieve convergence from 1.0070441483272507e-02 to 1.0070441483272607e-02 seconds.
Warning: Simulation tolerance relaxed to achieve convergence from 1.0070441483314308e-02 to 1.0070441483314409e-02 seconds.
Warning: Simulation tolerance relaxed to achieve convergence from 1.0070441483328012e-02 to 1.0070441483328113e-02 seconds.
Warning: Simulation tolerance relaxed to achieve convergence from 1.0070441483334015e-02 to 1.0070441483334115e-02 seconds.
Warning: Simulation tolerance relaxed to achieve convergence from 1.0070441483337115e-02 to 1.0070441483337215e-02 seconds.
Warning: Simulation tolerance relaxed to achieve convergence from 1.0070441483343117e-02 to 1.0070441483343217e-02 seconds.
Warning: Simulation tolerance relaxed to achieve convergence from 1.0070441483345217e-02 to 1.0070441483345318e-02 seconds.
Warning: Simulation tolerance relaxed to achieve convergence from 1.0070441483381421e-02 to 1.0070441483381522e-02 seconds.
Warning: Simulation tolerance relaxed to achieve convergence from 1.0070441483394423e-02 to 1.0070441483394523e-02 seconds.
Warning: Simulation tolerance relaxed to achieve convergence from 1.0070441483432134e-02 to 1.0070441483432235e-02 seconds.
Warning: Simulation tolerance relaxed to achieve convergence from 1.0070441483445535e-02 to 1.0070441483445635e-02 seconds.
Warning: Simulation tolerance relaxed to achieve convergence from 1.0070441483467136e-02 to 1.0070441483467236e-02 seconds.
Warning: Simulation tolerance relaxed to achieve convergence from 1.0070441483487340e-02 to 1.0070441483487440e-02 seconds.
Warning: Simulation tolerance relaxed to achieve convergence from 1.0070441483492341e-02 to 1.0070441483492442e-02 seconds.
Warning: Simulation tolerance relaxed to achieve convergence from 1.0070441483508044e-02 to 1.0070441483508144e-02 seconds.
Warning: Simulation tolerance relaxed to achieve convergence from 1.0070441483539548e-02 to 1.0070441483539649e-02 seconds.
Warning: Simulation tolerance relaxed to achieve convergence from 1.0070441483551348e-02 to 1.0070441483551448e-02 seconds.
Warning: Simulation tolerance relaxed to achieve convergence from 1.0070441483571552e-02 to 1.0070441483571653e-02 seconds.
Warning: Simulation tolerance relaxed to achieve convergence from 1.0070441483577254e-02 to 1.0070441483577355e-02 seconds.
Warning: Simulation tolerance relaxed to achieve convergence from 1.0070441483596258e-02 to 1.0070441483596359e-02 seconds.
Warning: Simulation tolerance relaxed to achieve convergence from 1.0070441483598759e-02 to 1.0070441483598860e-02 seconds.
Warning: Simulation tolerance relaxed to achieve convergence from 1.0070441483604061e-02 to 1.0070441483604161e-02 seconds.
Warning: Simulation tolerance relaxed to achieve convergence from 1.0070441483619963e-02 to 1.0070441483620064e-02 seconds.
Warning: Simulation tolerance relaxed to achieve convergence from 1.0070441483625164e-02 to 1.0070441483625264e-02 seconds.
Warning: Simulation tolerance relaxed to achieve convergence from 1.0070441483630966e-02 to 1.0070441483631067e-02 seconds.
Warning: Simulation tolerance relaxed to achieve convergence from 1.0070441483696775e-02 to 1.0070441483696875e-02 seconds.
Warning: Simulation tolerance relaxed to achieve convergence from 1.0070441483706278e-02 to 1.0070441483706378e-02 seconds.
Warning: Simulation tolerance relaxed to achieve convergence from 1.0070441483734279e-02 to 1.0070441483734380e-02 seconds.
Warning: Simulation tolerance relaxed to achieve convergence from 1.0070441483735980e-02 to 1.0070441483736080e-02 seconds.
Warning: Simulation tolerance relaxed to achieve convergence from 1.0070441483779688e-02 to 1.0070441483779788e-02 seconds.
Warning: Simulation tolerance relaxed to achieve convergence from 1.0070441483819692e-02 to 1.0070441483819793e-02 seconds.
Warning: Simulation tolerance relaxed to achieve convergence from 1.0070441483838295e-02 to 1.0070441483838396e-02 seconds.
Warning: Simulation tolerance relaxed to achieve convergence from 1.0070441483848995e-02 to 1.0070441483849096e-02 seconds.
Warning: Simulation tolerance relaxed to achieve convergence from 1.0070441483867596e-02 to 1.0070441483867697e-02 seconds.
Warning: Simulation tolerance relaxed to achieve convergence from 1.0070441483891098e-02 to 1.0070441483891199e-02 seconds.
Warning: Simulation tolerance relaxed to achieve convergence from 1.0070441483946304e-02 to 1.0070441483946405e-02 seconds.
Warning: Simulation tolerance relaxed to achieve convergence from 1.0070441483959006e-02 to 1.0070441483959107e-02 seconds.
Warning: Simulation tolerance relaxed to achieve convergence from 1.0070441484027817e-02 to 1.0070441484027918e-02 seconds.
Warning: Simulation tolerance relaxed to achieve convergence from 1.0070441484042720e-02 to 1.0070441484042821e-02 seconds.
Warning: Simulation tolerance relaxed to achieve convergence from 1.0070441484047321e-02 to 1.0070441484047421e-02 seconds.
Warning: Simulation tolerance relaxed to achieve convergence from 1.0070441484055424e-02 to 1.0070441484055524e-02 seconds.
Warning: Simulation tolerance relaxed to achieve convergence from 1.0070441484077331e-02 to 1.0070441484077432e-02 seconds.
Warning: Simulation tolerance relaxed to achieve convergence from 1.0070441484087932e-02 to 1.0070441484088033e-02 seconds.
Warning: Simulation tolerance relaxed to achieve convergence from 1.0070441484105136e-02 to 1.0070441484105236e-02 seconds.
Warning: Simulation tolerance relaxed to achieve convergence from 1.0070441484114139e-02 to 1.0070441484114239e-02 seconds.
Warning: Simulation tolerance relaxed to achieve convergence from 1.0070441484123841e-02 to 1.0070441484123942e-02 seconds.
Warning: Simulation tolerance relaxed to achieve convergence from 1.0070441484147543e-02 to 1.0070441484147643e-02 seconds.
Warning: Simulation tolerance relaxed to achieve convergence from 1.0070441484149643e-02 to 1.0070441484149744e-02 seconds.
Warning: Simulation tolerance relaxed to achieve convergence from 1.0070441484180046e-02 to 1.0070441484180147e-02 seconds.
Warning: Simulation tolerance relaxed to achieve convergence from 1.0070441484257562e-02 to 1.0070441484257663e-02 seconds.
Warning: Simulation tolerance relaxed to achieve convergence from 1.0070441484285068e-02 to 1.0070441484285169e-02 seconds.
Warning: Simulation tolerance relaxed to achieve convergence from 1.0070441484294469e-02 to 1.0070441484294569e-02 seconds.
Warning: Simulation tolerance relaxed to achieve convergence from 1.0070441484309370e-02 to 1.0070441484309470e-02 seconds.
Warning: Simulation tolerance relaxed to achieve convergence from 1.0070441484314571e-02 to 1.0070441484314671e-02 seconds.
Warning: Simulation tolerance relaxed to achieve convergence from 1.0070441484322871e-02 to 1.0070441484322972e-02 seconds.
Warning: Simulation tolerance relaxed to achieve convergence from 1.0070441484358175e-02 to 1.0070441484358275e-02 seconds.
Warning: Simulation tolerance relaxed to achieve convergence from 1.0070441484365875e-02 to 1.0070441484365976e-02 seconds.
Warning: Simulation tolerance relaxed to achieve convergence from 1.0070441484367575e-02 to 1.0070441484367676e-02 seconds.
Warning: Simulation tolerance relaxed to achieve convergence from 1.0070441484393676e-02 to 1.0070441484393776e-02 seconds.
Warning: Simulation tolerance relaxed to achieve convergence from 1.0070441484409276e-02 to 1.0070441484409377e-02 seconds.
Warning: Simulation tolerance relaxed to achieve convergence from 1.0070441484414477e-02 to 1.0070441484414577e-02 seconds.
Warning: Simulation tolerance relaxed to achieve convergence from 1.0070441484423581e-02 to 1.0070441484423681e-02 seconds.
Warning: Simulation tolerance relaxed to achieve convergence from 1.0070441484500590e-02 to 1.0070441484500691e-02 seconds.
Warning: Simulation tolerance relaxed to achieve convergence from 1.0070441484560497e-02 to 1.0070441484560598e-02 seconds.
Warning: Simulation tolerance relaxed to achieve convergence from 1.0070441484585000e-02 to 1.0070441484585101e-02 seconds.
Warning: Simulation tolerance relaxed to achieve convergence from 1.0070441484598704e-02 to 1.0070441484598805e-02 seconds.
Warning: Simulation tolerance relaxed to achieve convergence from 1.0070441484630710e-02 to 1.0070441484630811e-02 seconds.
Warning: Simulation tolerance relaxed to achieve convergence from 1.0070441484631411e-02 to 1.0070441484631511e-02 seconds.
Warning: Simulation tolerance relaxed to achieve convergence from 1.0070441484662917e-02 to 1.0070441484663017e-02 seconds.
Warning: Simulation tolerance relaxed to achieve convergence from 1.0070441484673721e-02 to 1.0070441484673821e-02 seconds.
Warning: Simulation tolerance relaxed to achieve convergence from 1.0070441484691722e-02 to 1.0070441484691823e-02 seconds.
Warning: Simulation tolerance relaxed to achieve convergence from 1.0070441484693422e-02 to 1.0070441484693523e-02 seconds.
Warning: Simulation tolerance relaxed to achieve convergence from 1.0070441484718928e-02 to 1.0070441484719028e-02 seconds.
Warning: Simulation tolerance relaxed to achieve convergence from 1.0070441484735829e-02 to 1.0070441484735930e-02 seconds.
Warning: Simulation tolerance relaxed to achieve convergence from 1.0070441484745330e-02 to 1.0070441484745431e-02 seconds.
Warning: Simulation tolerance relaxed to achieve convergence from 1.0070441484748331e-02 to 1.0070441484748432e-02 seconds.
Warning: Simulation tolerance relaxed to achieve convergence from 1.0070441484767836e-02 to 1.0070441484767937e-02 seconds.
Warning: Simulation tolerance relaxed to achieve convergence from 1.0070441484787243e-02 to 1.0070441484787343e-02 seconds.
Warning: Simulation tolerance relaxed to achieve convergence from 1.0070441484793443e-02 to 1.0070441484793543e-02 seconds.
Warning: Simulation tolerance relaxed to achieve convergence from 1.0070441484812046e-02 to 1.0070441484812146e-02 seconds.
Warning: Simulation tolerance relaxed to achieve convergence from 1.0070441484857152e-02 to 1.0070441484857253e-02 seconds.
Warning: Simulation tolerance relaxed to achieve convergence from 1.0070441484905357e-02 to 1.0070441484905457e-02 seconds.
Warning: Simulation tolerance relaxed to achieve convergence from 1.0070441484914658e-02 to 1.0070441484914759e-02 seconds.
Warning: Simulation tolerance relaxed to achieve convergence from 1.0070441484935863e-02 to 1.0070441484935964e-02 seconds.
Warning: Simulation tolerance relaxed to achieve convergence from 1.0070441485086979e-02 to 1.0070441485087079e-02 seconds.
Warning: Simulation tolerance relaxed to achieve convergence from 1.0070441485094679e-02 to 1.0070441485094780e-02 seconds.
Warning: Simulation tolerance relaxed to achieve convergence from 1.0070441485121180e-02 to 1.0070441485121281e-02 seconds.
Warning: Simulation tolerance relaxed to achieve convergence from 1.0070441485126681e-02 to 1.0070441485126782e-02 seconds.
Warning: Simulation tolerance relaxed to achieve convergence from 1.0070441485135282e-02 to 1.0070441485135383e-02 seconds.
Warning: Simulation tolerance relaxed to achieve convergence from 1.0070441485140484e-02 to 1.0070441485140585e-02 seconds.
Warning: Simulation tolerance relaxed to achieve convergence from 1.0070441485154385e-02 to 1.0070441485154485e-02 seconds.
Warning: Simulation tolerance relaxed to achieve convergence from 1.0070441485154485e-02 to 1.0070441485154586e-02 seconds.
Warning: Simulation tolerance relaxed to achieve convergence from 1.0070441485208394e-02 to 1.0070441485208494e-02 seconds.
Warning: Simulation tolerance relaxed to achieve convergence from 1.0070441485280995e-02 to 1.0070441485281096e-02 seconds.
Warning: Simulation tolerance relaxed to achieve convergence from 1.0070441485357400e-02 to 1.0070441485357500e-02 seconds.
Warning: Simulation tolerance relaxed to achieve convergence from 1.0070441485397005e-02 to 1.0070441485397106e-02 seconds.
Warning: Simulation tolerance relaxed to achieve convergence from 1.0070441485416408e-02 to 1.0070441485416508e-02 seconds.
Warning: Simulation tolerance relaxed to achieve convergence from 1.0070441485422009e-02 to 1.0070441485422110e-02 seconds.
Warning: Simulation tolerance relaxed to achieve convergence from 1.0070441485441213e-02 to 1.0070441485441313e-02 seconds.
Warning: Simulation tolerance relaxed to achieve convergence from 1.0070441485441613e-02 to 1.0070441485441714e-02 seconds.
Warning: Simulation tolerance relaxed to achieve convergence from 1.0070441485442314e-02 to 1.0070441485442415e-02 seconds.
Warning: Simulation tolerance relaxed to achieve convergence from 1.0070441485475720e-02 to 1.0070441485475820e-02 seconds.
Warning: Simulation tolerance relaxed to achieve convergence from 1.0070441485491528e-02 to 1.0070441485491629e-02 seconds.
Warning: Simulation tolerance relaxed to achieve convergence from 1.0070441485525831e-02 to 1.0070441485525931e-02 seconds.
Warning: Simulation tolerance relaxed to achieve convergence from 1.0070441485550335e-02 to 1.0070441485550436e-02 seconds.
Warning: Simulation tolerance relaxed to achieve convergence from 1.0070441485628344e-02 to 1.0070441485628445e-02 seconds.
Warning: Simulation tolerance relaxed to achieve convergence from 1.0070441485634548e-02 to 1.0070441485634648e-02 seconds.
Warning: Simulation tolerance relaxed to achieve convergence from 1.0070441485647052e-02 to 1.0070441485647152e-02 seconds.
Warning: Simulation tolerance relaxed to achieve convergence from 1.0070441485671953e-02 to 1.0070441485672054e-02 seconds.
Warning: Simulation tolerance relaxed to achieve convergence from 1.0070441485676453e-02 to 1.0070441485676554e-02 seconds.
Warning: Simulation tolerance relaxed to achieve convergence from 1.0070441485704856e-02 to 1.0070441485704957e-02 seconds.
Warning: Simulation tolerance relaxed to achieve convergence from 1.0070441485710457e-02 to 1.0070441485710558e-02 seconds.
Warning: Simulation tolerance relaxed to achieve convergence from 1.0070441485747763e-02 to 1.0070441485747863e-02 seconds.
Warning: Simulation tolerance relaxed to achieve convergence from 1.0070441485778764e-02 to 1.0070441485778864e-02 seconds.
Warning: Simulation tolerance relaxed to achieve convergence from 1.0070441485814069e-02 to 1.0070441485814170e-02 seconds.
Warning: Simulation tolerance relaxed to achieve convergence from 1.0070441485844671e-02 to 1.0070441485844772e-02 seconds.
Warning: Simulation tolerance relaxed to achieve convergence from 1.0070441485860173e-02 to 1.0070441485860273e-02 seconds.
Warning: Simulation tolerance relaxed to achieve convergence from 1.0070441485860874e-02 to 1.0070441485860974e-02 seconds.
Warning: Simulation tolerance relaxed to achieve convergence from 1.0070441485914983e-02 to 1.0070441485915084e-02 seconds.
Warning: Simulation tolerance relaxed to achieve convergence from 1.0070441485975688e-02 to 1.0070441485975789e-02 seconds.
Warning: Simulation tolerance relaxed to achieve convergence from 1.0070441486011295e-02 to 1.0070441486011395e-02 seconds.
Warning: Simulation tolerance relaxed to achieve convergence from 1.0070441486060901e-02 to 1.0070441486061002e-02 seconds.
Warning: Simulation tolerance relaxed to achieve convergence from 1.0070441486076703e-02 to 1.0070441486076803e-02 seconds.
Warning: Simulation tolerance relaxed to achieve convergence from 1.0070441486111512e-02 to 1.0070441486111612e-02 seconds.
Warning: Simulation tolerance relaxed to achieve convergence from 1.0070441486129613e-02 to 1.0070441486129714e-02 seconds.
Warning: Simulation tolerance relaxed to achieve convergence from 1.0070441486176725e-02 to 1.0070441486176826e-02 seconds.
Warning: Simulation tolerance relaxed to achieve convergence from 1.0070441486236429e-02 to 1.0070441486236530e-02 seconds.
Warning: Simulation tolerance relaxed to achieve convergence from 1.0070441486270834e-02 to 1.0070441486270934e-02 seconds.
Warning: Simulation tolerance relaxed to achieve convergence from 1.0070441486281336e-02 to 1.0070441486281436e-02 seconds.
Warning: Simulation tolerance relaxed to achieve convergence from 1.0070441486297438e-02 to 1.0070441486297538e-02 seconds.
Warning: Simulation tolerance relaxed to achieve convergence from 1.0070441486316242e-02 to 1.0070441486316343e-02 seconds.
Warning: Simulation tolerance relaxed to achieve convergence from 1.0070441486322843e-02 to 1.0070441486322943e-02 seconds.
Warning: Simulation tolerance relaxed to achieve convergence from 1.0070441486358649e-02 to 1.0070441486358750e-02 seconds.
Warning: Simulation tolerance relaxed to achieve convergence from 1.0070441486367749e-02 to 1.0070441486367850e-02 seconds.
Warning: Simulation tolerance relaxed to achieve convergence from 1.0070441486376954e-02 to 1.0070441486377054e-02 seconds.
Warning: Simulation tolerance relaxed to achieve convergence from 1.0070441486387756e-02 to 1.0070441486387856e-02 seconds.
Warning: Simulation tolerance relaxed to achieve convergence from 1.0070441486396258e-02 to 1.0070441486396358e-02 seconds.
Warning: Simulation tolerance relaxed to achieve convergence from 1.0070441486415864e-02 to 1.0070441486415964e-02 seconds.
Warning: Simulation tolerance relaxed to achieve convergence from 1.0070441486448671e-02 to 1.0070441486448771e-02 seconds.
Warning: Simulation tolerance relaxed to achieve convergence from 1.0070441486464172e-02 to 1.0070441486464273e-02 seconds.
Warning: Simulation tolerance relaxed to achieve convergence from 1.0070441486493477e-02 to 1.0070441486493577e-02 seconds.
Warning: Simulation tolerance relaxed to achieve convergence from 1.0070441486507481e-02 to 1.0070441486507582e-02 seconds.
Warning: Simulation tolerance relaxed to achieve convergence from 1.0070441486507582e-02 to 1.0070441486507683e-02 seconds.
Warning: Simulation tolerance relaxed to achieve convergence from 1.0070441486532484e-02 to 1.0070441486532584e-02 seconds.
Warning: Simulation tolerance relaxed to achieve convergence from 1.0070441486559185e-02 to 1.0070441486559285e-02 seconds.
Warning: Simulation tolerance relaxed to achieve convergence from 1.0070441486560685e-02 to 1.0070441486560786e-02 seconds.
Warning: Simulation tolerance relaxed to achieve convergence from 1.0070441486566288e-02 to 1.0070441486566389e-02 seconds.
Warning: Simulation tolerance relaxed to achieve convergence from 1.0070441486576889e-02 to 1.0070441486576990e-02 seconds.
Warning: Simulation tolerance relaxed to achieve convergence from 1.0070441486639995e-02 to 1.0070441486640096e-02 seconds.
Warning: Simulation tolerance relaxed to achieve convergence from 1.0070441486655398e-02 to 1.0070441486655498e-02 seconds.
Warning: Simulation tolerance relaxed to achieve convergence from 1.0070441486668297e-02 to 1.0070441486668398e-02 seconds.
Warning: Simulation tolerance relaxed to achieve convergence from 1.0070441486700899e-02 to 1.0070441486701000e-02 seconds.
Warning: Simulation tolerance relaxed to achieve convergence from 1.0070441486701501e-02 to 1.0070441486701602e-02 seconds.
Warning: Simulation tolerance relaxed to achieve convergence from 1.0070441486702202e-02 to 1.0070441486702303e-02 seconds.
Warning: Simulation tolerance relaxed to achieve convergence from 1.0070441486793919e-02 to 1.0070441486794019e-02 seconds.
Warning: Simulation tolerance relaxed to achieve convergence from 1.0070441486801619e-02 to 1.0070441486801720e-02 seconds.
Warning: Simulation tolerance relaxed to achieve convergence from 1.0070441486824226e-02 to 1.0070441486824327e-02 seconds.
Warning: Simulation tolerance relaxed to achieve convergence from 1.0070441486828128e-02 to 1.0070441486828228e-02 seconds.
Warning: Simulation tolerance relaxed to achieve convergence from 1.0070441486858329e-02 to 1.0070441486858430e-02 seconds.
Warning: Simulation tolerance relaxed to achieve convergence from 1.0070441486915839e-02 to 1.0070441486915939e-02 seconds.
Warning: Simulation tolerance relaxed to achieve convergence from 1.0070441486926440e-02 to 1.0070441486926540e-02 seconds.
Warning: Simulation tolerance relaxed to achieve convergence from 1.0070441486940045e-02 to 1.0070441486940146e-02 seconds.
Warning: Simulation tolerance relaxed to achieve convergence from 1.0070441486940146e-02 to 1.0070441486940246e-02 seconds.
Warning: Simulation tolerance relaxed to achieve convergence from 1.0070441486944047e-02 to 1.0070441486944148e-02 seconds.
Warning: Simulation tolerance relaxed to achieve convergence from 1.0070441486953147e-02 to 1.0070441486953248e-02 seconds.
Warning: Simulation tolerance relaxed to achieve convergence from 1.0070441486959047e-02 to 1.0070441486959148e-02 seconds.
Warning: Simulation tolerance relaxed to achieve convergence from 1.0070441486968248e-02 to 1.0070441486968349e-02 seconds.
Warning: Simulation tolerance relaxed to achieve convergence from 1.0070441486971149e-02 to 1.0070441486971249e-02 seconds.
Warning: Simulation tolerance relaxed to achieve convergence from 1.0070441486973249e-02 to 1.0070441486973350e-02 seconds.
Warning: Simulation tolerance relaxed to achieve convergence from 1.0070441486975352e-02 to 1.0070441486975452e-02 seconds.
Warning: Simulation tolerance relaxed to achieve convergence from 1.0070441486975452e-02 to 1.0070441486975553e-02 seconds.
Warning: Simulation tolerance relaxed to achieve convergence from 1.0070441487003760e-02 to 1.0070441487003860e-02 seconds.
Warning: Simulation tolerance relaxed to achieve convergence from 1.0070441487006062e-02 to 1.0070441487006162e-02 seconds.
Warning: Simulation tolerance relaxed to achieve convergence from 1.0070441487025765e-02 to 1.0070441487025865e-02 seconds.
Warning: Simulation tolerance relaxed to achieve convergence from 1.0070441487055569e-02 to 1.0070441487055670e-02 seconds.
Warning: Simulation tolerance relaxed to achieve convergence from 1.0070441487066369e-02 to 1.0070441487066470e-02 seconds.
Warning: Simulation tolerance relaxed to achieve convergence from 1.0070441487085871e-02 to 1.0070441487085972e-02 seconds.
Warning: Simulation tolerance relaxed to achieve convergence from 1.0070441487085972e-02 to 1.0070441487086072e-02 seconds.
Warning: Simulation tolerance relaxed to achieve convergence from 1.0070441487086173e-02 to 1.0070441487086274e-02 seconds.
Warning: Simulation tolerance relaxed to achieve convergence from 1.0070441487096375e-02 to 1.0070441487096475e-02 seconds.
Warning: Simulation tolerance relaxed to achieve convergence from 1.0070441487138081e-02 to 1.0070441487138182e-02 seconds.
Warning: Simulation tolerance relaxed to achieve convergence from 1.0070441487156384e-02 to 1.0070441487156485e-02 seconds.
Warning: Simulation tolerance relaxed to achieve convergence from 1.0070441487158684e-02 to 1.0070441487158785e-02 seconds.
Warning: Simulation tolerance relaxed to achieve convergence from 1.0070441487239892e-02 to 1.0070441487239993e-02 seconds.
Warning: Simulation tolerance relaxed to achieve convergence from 1.0070441487251893e-02 to 1.0070441487251993e-02 seconds.
Warning: Simulation tolerance relaxed to achieve convergence from 1.0070441487265795e-02 to 1.0070441487265895e-02 seconds.
Warning: Simulation tolerance relaxed to achieve convergence from 1.0070441487278696e-02 to 1.0070441487278797e-02 seconds.
Warning: Simulation tolerance relaxed to achieve convergence from 1.0070441487287597e-02 to 1.0070441487287697e-02 seconds.
Warning: Simulation tolerance relaxed to achieve convergence from 1.0070441487308903e-02 to 1.0070441487309003e-02 seconds.
Warning: Simulation tolerance relaxed to achieve convergence from 1.0070441487340704e-02 to 1.0070441487340804e-02 seconds.
Warning: Simulation tolerance relaxed to achieve convergence from 1.0070441487380710e-02 to 1.0070441487380810e-02 seconds.
Warning: Simulation tolerance relaxed to achieve convergence from 1.0070441487382811e-02 to 1.0070441487382911e-02 seconds.
Warning: Simulation tolerance relaxed to achieve convergence from 1.0070441487421315e-02 to 1.0070441487421415e-02 seconds.
Warning: Simulation tolerance relaxed to achieve convergence from 1.0070441487430016e-02 to 1.0070441487430117e-02 seconds.
Warning: Simulation tolerance relaxed to achieve convergence from 1.0070441487443717e-02 to 1.0070441487443817e-02 seconds.
Warning: Simulation tolerance relaxed to achieve convergence from 1.0070441487511728e-02 to 1.0070441487511829e-02 seconds.
Warning: Simulation tolerance relaxed to achieve convergence from 1.0070441487555433e-02 to 1.0070441487555534e-02 seconds.
Warning: Simulation tolerance relaxed to achieve convergence from 1.0070441487580538e-02 to 1.0070441487580638e-02 seconds.
Warning: Simulation tolerance relaxed to achieve convergence from 1.0070441487593139e-02 to 1.0070441487593240e-02 seconds.
Warning: Simulation tolerance relaxed to achieve convergence from 1.0070441487610543e-02 to 1.0070441487610644e-02 seconds.
Warning: Simulation tolerance relaxed to achieve convergence from 1.0070441487611945e-02 to 1.0070441487612046e-02 seconds.
Warning: Simulation tolerance relaxed to achieve convergence from 1.0070441487617847e-02 to 1.0070441487617947e-02 seconds.
Warning: Simulation tolerance relaxed to achieve convergence from 1.0070441487640948e-02 to 1.0070441487641048e-02 seconds.
Warning: Simulation tolerance relaxed to achieve convergence from 1.0070441487646751e-02 to 1.0070441487646851e-02 seconds.
Warning: Simulation tolerance relaxed to achieve convergence from 1.0070441487649951e-02 to 1.0070441487650052e-02 seconds.
Warning: Simulation tolerance relaxed to achieve convergence from 1.0070441487653452e-02 to 1.0070441487653552e-02 seconds.
Warning: Simulation tolerance relaxed to achieve convergence from 1.0070441487659752e-02 to 1.0070441487659853e-02 seconds.
Warning: Simulation tolerance relaxed to achieve convergence from 1.0070441487680057e-02 to 1.0070441487680158e-02 seconds.
Warning: Simulation tolerance relaxed to achieve convergence from 1.0070441487680357e-02 to 1.0070441487680458e-02 seconds.
Warning: Simulation tolerance relaxed to achieve convergence from 1.0070441487708264e-02 to 1.0070441487708364e-02 seconds.
Warning: Simulation tolerance relaxed to achieve convergence from 1.0070441487715567e-02 to 1.0070441487715668e-02 seconds.
Warning: Simulation tolerance relaxed to achieve convergence from 1.0070441487741373e-02 to 1.0070441487741473e-02 seconds.
Warning: Simulation tolerance relaxed to achieve convergence from 1.0070441487751176e-02 to 1.0070441487751276e-02 seconds.
Warning: Simulation tolerance relaxed to achieve convergence from 1.0070441487790583e-02 to 1.0070441487790684e-02 seconds.
Warning: Simulation tolerance relaxed to achieve convergence from 1.0070441487804886e-02 to 1.0070441487804987e-02 seconds.
Warning: Simulation tolerance relaxed to achieve convergence from 1.0070441487825186e-02 to 1.0070441487825287e-02 seconds.
Warning: Simulation tolerance relaxed to achieve convergence from 1.0070441487832586e-02 to 1.0070441487832687e-02 seconds.
Warning: Simulation tolerance relaxed to achieve convergence from 1.0070441487843787e-02 to 1.0070441487843888e-02 seconds.
Warning: Simulation tolerance relaxed to achieve convergence from 1.0070441487871992e-02 to 1.0070441487872093e-02 seconds.
Warning: Simulation tolerance relaxed to achieve convergence from 1.0070441487875694e-02 to 1.0070441487875795e-02 seconds.
Warning: Simulation tolerance relaxed to achieve convergence from 1.0070441487877795e-02 to 1.0070441487877895e-02 seconds.
Warning: Simulation tolerance relaxed to achieve convergence from 1.0070441487907502e-02 to 1.0070441487907603e-02 seconds.
Warning: Simulation tolerance relaxed to achieve convergence from 1.0070441487911903e-02 to 1.0070441487912004e-02 seconds.
Warning: Simulation tolerance relaxed to achieve convergence from 1.0070441487918304e-02 to 1.0070441487918405e-02 seconds.
Warning: Simulation tolerance relaxed to achieve convergence from 1.0070441487918405e-02 to 1.0070441487918505e-02 seconds.
Warning: Simulation tolerance relaxed to achieve convergence from 1.0070441487920308e-02 to 1.0070441487920408e-02 seconds.
Warning: Simulation tolerance relaxed to achieve convergence from 1.0070441487920608e-02 to 1.0070441487920708e-02 seconds.
Warning: Simulation tolerance relaxed to achieve convergence from 1.0070441487922308e-02 to 1.0070441487922408e-02 seconds.
Warning: Simulation tolerance relaxed to achieve convergence from 1.0070441487931910e-02 to 1.0070441487932010e-02 seconds.
Warning: Simulation tolerance relaxed to achieve convergence from 1.0070441487939411e-02 to 1.0070441487939511e-02 seconds.
Warning: Simulation tolerance relaxed to achieve convergence from 1.0070441487991818e-02 to 1.0070441487991919e-02 seconds.
Warning: Simulation tolerance relaxed to achieve convergence from 1.0070441487993319e-02 to 1.0070441487993419e-02 seconds.
Warning: Simulation tolerance relaxed to achieve convergence from 1.0070441487998421e-02 to 1.0070441487998521e-02 seconds.
Warning: Simulation tolerance relaxed to achieve convergence from 1.0070441488060329e-02 to 1.0070441488060430e-02 seconds.
Warning: Simulation tolerance relaxed to achieve convergence from 1.0070441488061632e-02 to 1.0070441488061733e-02 seconds.
Warning: Simulation tolerance relaxed to achieve convergence from 1.0070441488111240e-02 to 1.0070441488111341e-02 seconds.
Warning: Simulation tolerance relaxed to achieve convergence from 1.0070441488132846e-02 to 1.0070441488132947e-02 seconds.
Warning: Simulation tolerance relaxed to achieve convergence from 1.0070441488167353e-02 to 1.0070441488167454e-02 seconds.
Warning: Simulation tolerance relaxed to achieve convergence from 1.0070441488185259e-02 to 1.0070441488185259e-02 seconds.

Simulation stopped by user.
Total elapsed time: 32.121 seconds.

Files loaded:
Z:\home\wepi\circuits\synchronus_buck.net
C:\users\wepi\AppData\Local\LTspice\lib\cmp\standard.dio
C:\users\wepi\AppData\Local\LTspice\lib\cmp\standard.mos
Z:\home\wepi\circuits\synchronus_buck\irfz44n.spi
Z:\home\wepi\circuits\synchronus_buck\IR2184.sub

